Workbook

Sheet Ella_front
A1: frequency_MHz | B1: placement | C1: Input Power (mW) | D1: SAR_wholebody (mW/kg) | E1: SAR_head (mW/kg) | F1: SAR_trunk (mW/kg) | G1: SAR averagedbrain(mW/kg) | H1: psSAR10g_eyes (mW/kg) | I1: psSAR10g_skin (mW/kg) | J1: psSAR10g_brain (mW/kg)
A2: 700 | B2: front_of_eyes_center_vertical | C2: 813 | D2: 0.3171 | E2: 1.263 | F2: 0.4758 | G2: 0.44996432 | H2: 4.256 | I2: 14.67 | J2: 0.9262
A3: 700 | B3: front_of_eyes_center_horizontal | C3: 813 | D3: 0.2973 | E3: 1.372 | F3: 0.3812 | G3: 1.0646574 | H3: 5.273 | I3: 5.743 | J3: 1.886
A4: 700 | B4: front_of_eyes_left_vertical | C4: 813 | D4: 0.3183 | E4: 1.251 | F4: 0.4785 | G4: 0.43422702 | H4: 3.769 | I4: 14.88 | J4: 0.9353
A5: 700 | B5: front_of_eyes_left_horizontal | C5: 813 | D5: 0.304 | E5: 1.436 | F5: 0.3872 | G5: 1.1198605 | H5: 5.462 | I5: 5.73 | J5: 2
A6: 700 | B6: front_of_eyes_right_vertical | C6: 813 | D6: 0.3138 | E6: 1.254 | F6: 0.4694 | G6: 0.46412244 | H6: 4.894 | I6: 14.25 | J6: 0.9853
A7: 700 | B7: front_of_eyes_right_horizontal | C7: 813 | D7: 0.2874 | E7: 1.288 | F7: 0.37 | G7: 1.0012681 | H7: 5.036 | I7: 6.048 | J7: 1.721
A8: 700 | B8: front_of_eyes_down_vertical | C8: 813 | D8: 0.352 | E8: 0.9744 | F8: 0.5871 | G8: 0.21656369 | H8: 1.817 | I8: 13.91 | J8: 0.5027
A9: 700 | B9: front_of_eyes_down_horizontal | C9: 813 | D9: 0.3545 | E9: 1.304 | F9: 0.5143 | G9: 0.92966746 | H9: 5.064 | I9: 6.311 | J9: 1.597
A10: 835 | B10: front_of_eyes_center_vertical | C10: 636.9 | D10: 0.251 | E10: 0.9205 | F10: 0.3842 | G10: 0.4639412 | H10: 4.624 | I10: 8.701 | J10: 0.7744
A11: 835 | B11: front_of_eyes_center_horizontal | C11: 636.9 | D11: 0.23 | E11: 1.078 | F11: 0.2984 | G11: 0.79435804 | H11: 5.637 | I11: 5.637 | J11: 1.144
A12: 835 | B12: front_of_eyes_left_vertical | C12: 636.9 | D12: 0.2561 | E12: 0.9115 | F12: 0.3921 | G12: 0.46613517 | H12: 3.987 | I12: 8.783 | J12: 0.7284
A13: 835 | B13: front_of_eyes_left_horizontal | C13: 636.9 | D13: 0.2385 | E13: 1.14 | F13: 0.3088 | G13: 0.83917493 | H13: 5.778 | I13: 5.778 | J13: 1.212
... A65: 5800 | B65: front_of_eyes_down_horizontal | C65: 64.9 | D65: 0.05965 | E65: 0.1489 | F65: 0.1012 | G65: 0.0014811419 | H65: 1.386 | I65: 4.874 | J65: 2.579e-07

Sheet Ella_front_normalized
A1: frequency_MHz | B1: placement | C1: Input Power (W) | D1: SAR_wholebody (mW/kg) | E1: SAR_head (mW/kg) | F1: SAR_trunk (mW/kg) | G1: SAR averagedbrain(mW/kg) | H1: psSAR10g_eyes (mW/kg) | I1: psSAR10g_skin (mW/kg) | J1: psSAR10g_brain (mW/kg)
A2: 700 | B2: front_of_eyes_center_vertical | C2: 1 | D2: =normalized_results_detailed3834[[#This Row],[SAR_wholebody (mW/kg)]]*10^3/normalized_results_detailed3834[[#This Row],[Input Power (mW)]] | E2: =normalized_results_detailed3834[[#This Row],[SAR_head (mW/kg)]]*10^3/normalized_results_detailed3834[[#This Row],[Input Power (mW)]] | F2: =normalized_results_detailed3834[[#This Row],[SAR_trunk (mW/kg)]]*10^3/normalized_results_detailed3834[[#This Row],[Input Power (mW)]] | G2: =normalized_results_detailed3834[[#This Row],[SAR averagedbrain(mW/kg)]]*10^3/normalized_results_detailed3834[[#This Row],[Input Power (mW)]] | H2: =Ella_front!H2*10^3/normalized_results_detailed3834[[#This Row],[Input Power (mW)]] | I2: =Ella_front!I2*10^3/normalized_results_detailed3834[[#This Row],[Input Power (mW)]] | J2: =Ella_front!J2*10^3/normalized_results_detailed3834[[#This Row],[Input Power (mW)]]
A3: 700 | B3: front_of_eyes_center_horizontal | C3: 1 | D3: =normalized_results_detailed3834[[#This Row],[SAR_wholebody (mW/kg)]]*10^3/normalized_results_detailed3834[[#This Row],[Input Power (mW)]] | E3: =normalized_results_detailed3834[[#This Row],[SAR_head (mW/kg)]]*10^3/normalized_results_detailed3834[[#This Row],[Input Power (mW)]] | F3: =normalized_results_detailed3834[[#This Row],[SAR_trunk (mW/kg)]]*10^3/normalized_results_detailed3834[[#This Row],[Input Power (mW)]] | G3: =normalized_results_detailed3834[[#This Row],[SAR averagedbrain(mW/kg)]]*10^3/normalized_results_detailed3834[[#This Row],[Input Power (mW)]] | H3: =Ella_front!H3*10^3/normalized_results_detailed3834[[#This Row],[Input Power (mW)]] | I3: =Ella_front!I3*10^3/normalized_results_detailed3834[[#This Row],[Input Power (mW)]] | J3: =Ella_front!J3*10^3/normalized_results_detailed3834[[#This Row],[Input Power (mW)]]
A4: 700 | B4: front_of_eyes_left_vertical | C4: 1 | D4: =normalized_results_detailed3834[[#This Row],[SAR_wholebody (mW/kg)]]*10^3/normalized_results_detailed3834[[#This Row],[Input Power (mW)]] | E4: =normalized_results_detailed3834[[#This Row],[SAR_head (mW/kg)]]*10^3/normalized_results_detailed3834[[#This Row],[Input Power (mW)]] | F4: =normalized_results_detailed3834[[#This Row],[SAR_trunk (mW/kg)]]*10^3/normalized_results_detailed3834[[#This Row],[Input Power (mW)]] | G4: =normalized_results_detailed3834[[#This Row],[SAR averagedbrain(mW/kg)]]*10^3/normalized_results_detailed3834[[#This Row],[Input Power (mW)]] | H4: =Ella_front!H4*10^3/normalized_results_detailed3834[[#This Row],[Input Power (mW)]] | I4: =Ella_front!I4*10^3/normalized_results_detailed3834[[#This Row],[Input Power (mW)]] | J4: =Ella_front!J4*10^3/normalized_results_detailed3834[[#This Row],[Input Power (mW)]]
A5: 700 | B5: front_of_eyes_left_horizontal | C5: 1 | D5: =normalized_results_detailed3834[[#This Row],[SAR_wholebody (mW/kg)]]*10^3/normalized_results_detailed3834[[#This Row],[Input Power (mW)]] | E5: =normalized_results_detailed3834[[#This Row],[SAR_head (mW/kg)]]*10^3/normalized_results_detailed3834[[#This Row],[Input Power (mW)]] | F5: =normalized_results_detailed3834[[#This Row],[SAR_trunk (mW/kg)]]*10^3/normalized_results_detailed3834[[#This Row],[Input Power (mW)]] | G5: =normalized_results_detailed3834[[#This Row],[SAR averagedbrain(mW/kg)]]*10^3/normalized_results_detailed3834[[#This Row],[Input Power (mW)]] | H5: =Ella_front!H5*10^3/normalized_results_detailed3834[[#This Row],[Input Power (mW)]] | I5: =Ella_front!I5*10^3/normalized_results_detailed3834[[#This Row],[Input Power (mW)]] | J5: =Ella_front!J5*10^3/normalized_results_detailed3834[[#This Row],[Input Power (mW)]]
A6: 700 | B6: front_of_eyes_right_vertical | C6: 1 | D6: =normalized_results_detailed3834[[#This Row],[SAR_wholebody (mW/kg)]]*10^3/normalized_results_detailed3834[[#This Row],[Input Power (mW)]] | E6: =normalized_results_detailed3834[[#This Row],[SAR_head (mW/kg)]]*10^3/normalized_results_detailed3834[[#This Row],[Input Power (mW)]] | F6: =normalized_results_detailed3834[[#This Row],[SAR_trunk (mW/kg)]]*10^3/normalized_results_detailed3834[[#This Row],[Input Power (mW)]] | G6: =normalized_results_detailed3834[[#This Row],[SAR averagedbrain(mW/kg)]]*10^3/normalized_results_detailed3834[[#This Row],[Input Power (mW)]] | H6: =Ella_front!H6*10^3/normalized_results_detailed3834[[#This Row],[Input Power (mW)]] | I6: =Ella_front!I6*10^3/normalized_results_detailed3834[[#This Row],[Input Power (mW)]] | J6: =Ella_front!J6*10^3/normalized_results_detailed3834[[#This Row],[Input Power (mW)]]
A7: 700 | B7: front_of_eyes_right_horizontal | C7: 1 | D7: =normalized_results_detailed3834[[#This Row],[SAR_wholebody (mW/kg)]]*10^3/normalized_results_detailed3834[[#This Row],[Input Power (mW)]] | E7: =normalized_results_detailed3834[[#This Row],[SAR_head (mW/kg)]]*10^3/normalized_results_detailed3834[[#This Row],[Input Power (mW)]] | F7: =normalized_results_detailed3834[[#This Row],[SAR_trunk (mW/kg)]]*10^3/normalized_results_detailed3834[[#This Row],[Input Power (mW)]] | G7: =normalized_results_detailed3834[[#This Row],[SAR averagedbrain(mW/kg)]]*10^3/normalized_results_detailed3834[[#This Row],[Input Power (mW)]] | H7: =Ella_front!H7*10^3/normalized_results_detailed3834[[#This Row],[Input Power (mW)]] | I7: =Ella_front!I7*10^3/normalized_results_detailed3834[[#This Row],[Input Power (mW)]] | J7: =Ella_front!J7*10^3/normalized_results_detailed3834[[#This Row],[Input Power (mW)]]
A8: 700 | B8: front_of_eyes_down_vertical | C8: 1 | D8: =normalized_results_detailed3834[[#This Row],[SAR_wholebody (mW/kg)]]*10^3/normalized_results_detailed3834[[#This Row],[Input Power (mW)]] | E8: =normalized_results_detailed3834[[#This Row],[SAR_head (mW/kg)]]*10^3/normalized_results_detailed3834[[#This Row],[Input Power (mW)]] | F8: =normalized_results_detailed3834[[#This Row],[SAR_trunk (mW/kg)]]*10^3/normalized_results_detailed3834[[#This Row],[Input Power (mW)]] | G8: =normalized_results_detailed3834[[#This Row],[SAR averagedbrain(mW/kg)]]*10^3/normalized_results_detailed3834[[#This Row],[Input Power (mW)]] | H8: =Ella_front!H8*10^3/normalized_results_detailed3834[[#This Row],[Input Power (mW)]] | I8: =Ella_front!I8*10^3/normalized_results_detailed3834[[#This Row],[Input Power (mW)]] | J8: =Ella_front!J8*10^3/normalized_results_detailed3834[[#This Row],[Input Power (mW)]]
A9: 700 | B9: front_of_eyes_down_horizontal | C9: 1 | D9: =normalized_results_detailed3834[[#This Row],[SAR_wholebody (mW/kg)]]*10^3/normalized_results_detailed3834[[#This Row],[Input Power (mW)]] | E9: =normalized_results_detailed3834[[#This Row],[SAR_head (mW/kg)]]*10^3/normalized_results_detailed3834[[#This Row],[Input Power (mW)]] | F9: =normalized_results_detailed3834[[#This Row],[SAR_trunk (mW/kg)]]*10^3/normalized_results_detailed3834[[#This Row],[Input Power (mW)]] | G9: =normalized_results_detailed3834[[#This Row],[SAR averagedbrain(mW/kg)]]*10^3/normalized_results_detailed3834[[#This Row],[Input Power (mW)]] | H9: =Ella_front!H9*10^3/normalized_results_detailed3834[[#This Row],[Input Power (mW)]] | I9: =Ella_front!I9*10^3/normalized_results_detailed3834[[#This Row],[Input Power (mW)]] | J9: =Ella_front!J9*10^3/normalized_results_detailed3834[[#This Row],[Input Power (mW)]]
A10: 835 | B10: front_of_eyes_center_vertical | C10: 1 | D10: =normalized_results_detailed3834[[#This Row],[SAR_wholebody (mW/kg)]]*10^3/normalized_results_detailed3834[[#This Row],[Input Power (mW)]] | E10: =normalized_results_detailed3834[[#This Row],[SAR_head (mW/kg)]]*10^3/normalized_results_detailed3834[[#This Row],[Input Power (mW)]] | F10: =normalized_results_detailed3834[[#This Row],[SAR_trunk (mW/kg)]]*10^3/normalized_results_detailed3834[[#This Row],[Input Power (mW)]] | G10: =normalized_results_detailed3834[[#This Row],[SAR averagedbrain(mW/kg)]]*10^3/normalized_results_detailed3834[[#This Row],[Input Power (mW)]] | H10: =Ella_front!H10*10^3/normalized_results_detailed3834[[#This Row],[Input Power (mW)]] | I10: =Ella_front!I10*10^3/normalized_results_detailed3834[[#This Row],[Input Power (mW)]] | J10: =Ella_front!J10*10^3/normalized_results_detailed3834[[#This Row],[Input Power (mW)]]
A11: 835 | B11: front_of_eyes_center_horizontal | C11: 1 | D11: =normalized_results_detailed3834[[#This Row],[SAR_wholebody (mW/kg)]]*10^3/normalized_results_detailed3834[[#This Row],[Input Power (mW)]] | E11: =normalized_results_detailed3834[[#This Row],[SAR_head (mW/kg)]]*10^3/normalized_results_detailed3834[[#This Row],[Input Power (mW)]] | F11: =normalized_results_detailed3834[[#This Row],[SAR_trunk (mW/kg)]]*10^3/normalized_results_detailed3834[[#This Row],[Input Power (mW)]] | G11: =normalized_results_detailed3834[[#This Row],[SAR averagedbrain(mW/kg)]]*10^3/normalized_results_detailed3834[[#This Row],[Input Power (mW)]] | H11: =Ella_front!H11*10^3/normalized_results_detailed3834[[#This Row],[Input Power (mW)]] | I11: =Ella_front!I11*10^3/normalized_results_detailed3834[[#This Row],[Input Power (mW)]] | J11: =Ella_front!J11*10^3/normalized_results_detailed3834[[#This Row],[Input Power (mW)]]
A12: 835 | B12: front_of_eyes_left_vertical | C12: 1 | D12: =normalized_results_detailed3834[[#This Row],[SAR_wholebody (mW/kg)]]*10^3/normalized_results_detailed3834[[#This Row],[Input Power (mW)]] | E12: =normalized_results_detailed3834[[#This Row],[SAR_head (mW/kg)]]*10^3/normalized_results_detailed3834[[#This Row],[Input Power (mW)]] | F12: =normalized_results_detailed3834[[#This Row],[SAR_trunk (mW/kg)]]*10^3/normalized_results_detailed3834[[#This Row],[Input Power (mW)]] | G12: =normalized_results_detailed3834[[#This Row],[SAR averagedbrain(mW/kg)]]*10^3/normalized_results_detailed3834[[#This Row],[Input Power (mW)]] | H12: =Ella_front!H12*10^3/normalized_results_detailed3834[[#This Row],[Input Power (mW)]] | I12: =Ella_front!I12*10^3/normalized_results_detailed3834[[#This Row],[Input Power (mW)]] | J12: =Ella_front!J12*10^3/normalized_results_detailed3834[[#This Row],[Input Power (mW)]]
A13: 835 | B13: front_of_eyes_left_horizontal | C13: 1 | D13: =normalized_results_detailed3834[[#This Row],[SAR_wholebody (mW/kg)]]*10^3/normalized_results_detailed3834[[#This Row],[Input Power (mW)]] | E13: =normalized_results_detailed3834[[#This Row],[SAR_head (mW/kg)]]*10^3/normalized_results_detailed3834[[#This Row],[Input Power (mW)]] | F13: =normalized_results_detailed3834[[#This Row],[SAR_trunk (mW/kg)]]*10^3/normalized_results_detailed3834[[#This Row],[Input Power (mW)]] | G13: =normalized_results_detailed3834[[#This Row],[SAR averagedbrain(mW/kg)]]*10^3/normalized_results_detailed3834[[#This Row],[Input Power (mW)]] | H13: =Ella_front!H13*10^3/normalized_results_detailed3834[[#This Row],[Input Power (mW)]] | I13: =Ella_front!I13*10^3/normalized_results_detailed3834[[#This Row],[Input Power (mW)]] | J13: =Ella_front!J13*10^3/normalized_results_detailed3834[[#This Row],[Input Power (mW)]]
... A65: 5800 | B65: front_of_eyes_down_horizontal | C65: 1 | D65: =normalized_results_detailed3834[[#This Row],[SAR_wholebody (mW/kg)]]*10^3/normalized_results_detailed3834[[#This Row],[Input Power (mW)]] | E65: =normalized_results_detailed3834[[#This Row],[SAR_head (mW/kg)]]*10^3/normalized_results_detailed3834[[#This Row],[Input Power (mW)]] | F65: =normalized_results_detailed3834[[#This Row],[SAR_trunk (mW/kg)]]*10^3/normalized_results_detailed3834[[#This Row],[Input Power (mW)]] | G65: =normalized_results_detailed3834[[#This Row],[SAR averagedbrain(mW/kg)]]*10^3/normalized_results_detailed3834[[#This Row],[Input Power (mW)]] | H65: =Ella_front!H65*10^3/normalized_results_detailed3834[[#This Row],[Input Power (mW)]] | I65: =Ella_front!I65*10^3/normalized_results_detailed3834[[#This Row],[Input Power (mW)]] | J65: =Ella_front!J65*10^3/normalized_results_detailed3834[[#This Row],[Input Power (mW)]]

Sheet Ella_belly
A1: frequency_MHz | B1: placement | C1: Input Power (mW) | D1: SAR_wholebody (mW/kg) | E1: SAR_head (mW/kg) | F1: SAR_trunk (mW/kg) | G1: SAR averagedbrain(mW/kg) | H1: psSAR10g_eyes (mW/kg) | I1: psSAR10g_skin (mW/kg) | J1: psSAR10g_brain (mW/kg)
A2: 700 | B2: belly_level_center_vertical | C2: 813 | D2: 0.4059 | E2: 0.01843 | F2: 0.5066 | G2: 0.0079697546 | H2: 0.0818 | I2: 6.196 | J2: 0.01982
A3: 700 | B3: belly_level_center_horizontal | C3: 813 | D3: 0.4439 | E3: 0.05276 | F3: 0.6771 | G3: 0.040880254 | H3: 0.3446 | I3: 6.135 | J3: 0.06306
A4: 700 | B4: belly_level_left_vertical | C4: 813 | D4: 0.4041 | E4: 0.02292 | F4: 0.4424 | G4: 0.011049466 | H4: 0.1063 | I4: 8.658 | J4: 0.02663
A5: 700 | B5: belly_level_left_horizontal | C5: 813 | D5: 0.4649 | E5: 0.06279 | F5: 0.7224 | G5: 0.044360152 | H5: 0.3658 | I5: 6.355 | J5: 0.07691
A6: 700 | B6: belly_level_right_vertical | C6: 813 | D6: 0.3851 | E6: 0.02319 | F6: 0.4569 | G6: 0.0093823134 | H6: 0.08968 | I6: 10.58 | J6: 0.02489
A7: 700 | B7: belly_level_right_horizontal | C7: 813 | D7: 0.3688 | E7: 0.06124 | F7: 0.4322 | G7: 0.050600712 | H7: 0.3298 | I7: 6.179 | J7: 0.05662
A8: 700 | B8: belly_level_up_vertical | C8: 813 | D8: 0.3748 | E8: 0.04226 | F8: 0.6964 | G8: 0.015848773 | H8: 0.1764 | I8: 6.878 | J8: 0.03847
A9: 700 | B9: belly_level_up_horizontal | C9: 813 | D9: 0.4432 | E9: 0.09429 | F9: 0.81 | G9: 0.067831879 | H9: 0.5551 | I9: 6.425 | J9: 0.1248
A10: 835 | B10: belly_level_center_vertical | C10: 636.9 | D10: 0.4652 | E10: 0.0263 | F10: 0.5496 | G10: 0.012693047 | H10: 0.1584 | I10: 8.644 | J10: 0.02147
A11: 835 | B11: belly_level_center_horizontal | C11: 636.9 | D11: 0.4817 | E11: 0.04253 | F11: 0.7286 | G11: 0.032753059 | H11: 0.1994 | I11: 8.627 | J11: 0.05093
A12: 835 | B12: belly_level_left_vertical | C12: 636.9 | D12: 0.3841 | E12: 0.02707 | F12: 0.3795 | G12: 0.016088908 | H12: 0.1673 | I12: 9.58 | J12: 0.02308
A13: 835 | B13: belly_level_left_horizontal | C13: 636.9 | D13: 0.525 | E13: 0.05235 | F13: 0.8038 | G13: 0.038433381 | H13: 0.269 | I13: 10.3 | J13: 0.06313
... A65: 5800 | B65: belly_level_up_horizontal | C65: 64.9 | D65: 0.09082 | E65: 0.0364 | F65: 0.1366 | G65: 0.00027975699 | H65: 0.1632 | I65: 3.127 | J65: 4.73e-08

Sheet Ella_belly_normalized
A1: frequency_MHz | B1: placement | C1: Input Power (W) | D1: SAR_wholebody (mW/kg) | E1: SAR_head (mW/kg) | F1: SAR_trunk (mW/kg) | G1: SAR averagedbrain(mW/kg) | H1: psSAR10g_eyes (mW/kg) | I1: psSAR10g_skin (mW/kg) | J1: psSAR10g_brain (mW/kg)
A2: 700 | B2: belly_level_center_vertical | C2: 1 | D2: =Ella_belly!D2*10^3/Ella_belly!C2 | E2: =Ella_belly!E2*10^3/Ella_belly!C2 | F2: =Ella_belly!F2*10^3/Ella_belly!C2 | G2: =Ella_belly!G2*10^3/Ella_belly!C2 | H2: =Ella_belly!H2*10^3/Ella_belly!C2 | I2: =Ella_belly!I2*10^3/Ella_belly!C2 | J2: =Ella_belly!J2*10^3/Ella_belly!C2
A3: 700 | B3: belly_level_center_horizontal | C3: 1 | D3: =Ella_belly!D3*10^3/Ella_belly!C3 | E3: =Ella_belly!E3*10^3/Ella_belly!C3 | F3: =Ella_belly!F3*10^3/Ella_belly!C3 | G3: =Ella_belly!G3*10^3/Ella_belly!C3 | H3: =Ella_belly!H3*10^3/Ella_belly!C3 | I3: =Ella_belly!I3*10^3/Ella_belly!C3 | J3: =Ella_belly!J3*10^3/Ella_belly!C3
A4: 700 | B4: belly_level_left_vertical | C4: 1 | D4: =Ella_belly!D4*10^3/Ella_belly!C4 | E4: =Ella_belly!E4*10^3/Ella_belly!C4 | F4: =Ella_belly!F4*10^3/Ella_belly!C4 | G4: =Ella_belly!G4*10^3/Ella_belly!C4 | H4: =Ella_belly!H4*10^3/Ella_belly!C4 | I4: =Ella_belly!I4*10^3/Ella_belly!C4 | J4: =Ella_belly!J4*10^3/Ella_belly!C4
A5: 700 | B5: belly_level_left_horizontal | C5: 1 | D5: =Ella_belly!D5*10^3/Ella_belly!C5 | E5: =Ella_belly!E5*10^3/Ella_belly!C5 | F5: =Ella_belly!F5*10^3/Ella_belly!C5 | G5: =Ella_belly!G5*10^3/Ella_belly!C5 | H5: =Ella_belly!H5*10^3/Ella_belly!C5 | I5: =Ella_belly!I5*10^3/Ella_belly!C5 | J5: =Ella_belly!J5*10^3/Ella_belly!C5
A6: 700 | B6: belly_level_right_vertical | C6: 1 | D6: =Ella_belly!D6*10^3/Ella_belly!C6 | E6: =Ella_belly!E6*10^3/Ella_belly!C6 | F6: =Ella_belly!F6*10^3/Ella_belly!C6 | G6: =Ella_belly!G6*10^3/Ella_belly!C6 | H6: =Ella_belly!H6*10^3/Ella_belly!C6 | I6: =Ella_belly!I6*10^3/Ella_belly!C6 | J6: =Ella_belly!J6*10^3/Ella_belly!C6
A7: 700 | B7: belly_level_right_horizontal | C7: 1 | D7: =Ella_belly!D7*10^3/Ella_belly!C7 | E7: =Ella_belly!E7*10^3/Ella_belly!C7 | F7: =Ella_belly!F7*10^3/Ella_belly!C7 | G7: =Ella_belly!G7*10^3/Ella_belly!C7 | H7: =Ella_belly!H7*10^3/Ella_belly!C7 | I7: =Ella_belly!I7*10^3/Ella_belly!C7 | J7: =Ella_belly!J7*10^3/Ella_belly!C7
A8: 700 | B8: belly_level_up_vertical | C8: 1 | D8: =Ella_belly!D8*10^3/Ella_belly!C8 | E8: =Ella_belly!E8*10^3/Ella_belly!C8 | F8: =Ella_belly!F8*10^3/Ella_belly!C8 | G8: =Ella_belly!G8*10^3/Ella_belly!C8 | H8: =Ella_belly!H8*10^3/Ella_belly!C8 | I8: =Ella_belly!I8*10^3/Ella_belly!C8 | J8: =Ella_belly!J8*10^3/Ella_belly!C8
A9: 700 | B9: belly_level_up_horizontal | C9: 1 | D9: =Ella_belly!D9*10^3/Ella_belly!C9 | E9: =Ella_belly!E9*10^3/Ella_belly!C9 | F9: =Ella_belly!F9*10^3/Ella_belly!C9 | G9: =Ella_belly!G9*10^3/Ella_belly!C9 | H9: =Ella_belly!H9*10^3/Ella_belly!C9 | I9: =Ella_belly!I9*10^3/Ella_belly!C9 | J9: =Ella_belly!J9*10^3/Ella_belly!C9
A10: 835 | B10: belly_level_center_vertical | C10: 1 | D10: =Ella_belly!D10*10^3/Ella_belly!C10 | E10: =Ella_belly!E10*10^3/Ella_belly!C10 | F10: =Ella_belly!F10*10^3/Ella_belly!C10 | G10: =Ella_belly!G10*10^3/Ella_belly!C10 | H10: =Ella_belly!H10*10^3/Ella_belly!C10 | I10: =Ella_belly!I10*10^3/Ella_belly!C10 | J10: =Ella_belly!J10*10^3/Ella_belly!C10
A11: 835 | B11: belly_level_center_horizontal | C11: 1 | D11: =Ella_belly!D11*10^3/Ella_belly!C11 | E11: =Ella_belly!E11*10^3/Ella_belly!C11 | F11: =Ella_belly!F11*10^3/Ella_belly!C11 | G11: =Ella_belly!G11*10^3/Ella_belly!C11 | H11: =Ella_belly!H11*10^3/Ella_belly!C11 | I11: =Ella_belly!I11*10^3/Ella_belly!C11 | J11: =Ella_belly!J11*10^3/Ella_belly!C11
A12: 835 | B12: belly_level_left_vertical | C12: 1 | D12: =Ella_belly!D12*10^3/Ella_belly!C12 | E12: =Ella_belly!E12*10^3/Ella_belly!C12 | F12: =Ella_belly!F12*10^3/Ella_belly!C12 | G12: =Ella_belly!G12*10^3/Ella_belly!C12 | H12: =Ella_belly!H12*10^3/Ella_belly!C12 | I12: =Ella_belly!I12*10^3/Ella_belly!C12 | J12: =Ella_belly!J12*10^3/Ella_belly!C12
A13: 835 | B13: belly_level_left_horizontal | C13: 1 | D13: =Ella_belly!D13*10^3/Ella_belly!C13 | E13: =Ella_belly!E13*10^3/Ella_belly!C13 | F13: =Ella_belly!F13*10^3/Ella_belly!C13 | G13: =Ella_belly!G13*10^3/Ella_belly!C13 | H13: =Ella_belly!H13*10^3/Ella_belly!C13 | I13: =Ella_belly!I13*10^3/Ella_belly!C13 | J13: =Ella_belly!J13*10^3/Ella_belly!C13
... A65: 5800 | B65: belly_level_up_horizontal | C65: 1 | D65: =Ella_belly!D65*10^3/Ella_belly!C65 | E65: =Ella_belly!E65*10^3/Ella_belly!C65 | F65: =Ella_belly!F65*10^3/Ella_belly!C65 | G65: =Ella_belly!G65*10^3/Ella_belly!C65 | H65: =Ella_belly!H65*10^3/Ella_belly!C65 | I65: =Ella_belly!I65*10^3/Ella_belly!C65 | J65: =Ella_belly!J65*10^3/Ella_belly!C65

Sheet Ella_ ear
A1: frequency_MHz | B1: placement | C1: Input Power (mW) | D1: SAR_wholebody (mW/kg) | E1: SAR_head (mW/kg) | F1: SAR_trunk (mW/kg) | G1: SAR averagedbrain(mW/kg) | H1: psSAR10g_eyes (mW/kg) | I1: psSAR10g_skin (mW/kg) | J1: psSAR10g_brain (mW/kg)
A2: 700 | B2: cheek_1 | C2: 813 | D2: 2.62 | E2: 31.54 | F2: 0.3997 | G2: 9.3682411 | H2: 163.6 | I2: 636.8 | J2: 35.3
A3: 700 | B3: cheek_2 | C3: 813 | D3: 2.535 | E3: 29.68 | F3: 0.562 | G3: 6.6493362 | H3: 129.5 | I3: 638.8 | J3: 24.93
A4: 700 | B4: cheek_3 | C4: 813 | D4: 2.817 | E4: 32.03 | F4: 0.8281 | G4: 5.572292 | H4: 97.94 | I4: 675.2 | J4: 22.31
A5: 700 | B5: tilt_1 | C5: 813 | D5: 2.771 | E5: 32.98 | F5: 0.4744 | G5: 7.8310575 | H5: 64.74 | I5: 535.1 | J5: 26.7
A6: 700 | B6: tilt_2 | C6: 813 | D6: 2.393 | E6: 29.24 | F6: 0.2854 | G6: 6.011602 | H6: 29.78 | I6: 684 | J6: 22.85
A7: 700 | B7: tilt_3 | C7: 813 | D7: 2.575 | E7: 31.72 | F7: 0.2688 | G7: 6.0566068 | H7: 20.9 | I7: 719.1 | J7: 24.02
A8: 835 | B8: cheek_1 | C8: 636.9 | D8: 2.291 | E8: 27.53 | F8: 0.3562 | G8: 8.5492689 | H8: 160.7 | I8: 629.8 | J8: 29.2
A9: 835 | B9: cheek_2 | C9: 636.9 | D9: 1.724 | E9: 20.24 | F9: 0.3687 | G9: 5.2260856 | H9: 84.83 | I9: 469.9 | J9: 19.6
A10: 835 | B10: cheek_3 | C10: 636.9 | D10: 2.566 | E10: 29.31 | F10: 0.7179 | G10: 6.6289258 | H10: 87.08 | I10: 698.3 | J10: 25.46
A11: 835 | B11: tilt_1 | C11: 636.9 | D11: 1.639 | E11: 19.68 | F11: 0.2419 | G11: 5.6430843 | H11: 36.54 | I11: 503.6 | J11: 17.06
A12: 835 | B12: tilt_2 | C12: 636.9 | D12: 1.485 | E12: 17.26 | F12: 0.3248 | G12: 4.8182903 | H12: 32.27 | I12: 193.8 | J12: 15.91
A13: 835 | B13: tilt_3 | C13: 636.9 | D13: 1.576 | E13: 19.56 | F13: 0.13 | G13: 5.8102201 | H13: 19.84 | I13: 550.1 | J13: 21.57
... A49: 5800 | B49: tilt_3 | C49: 64.9 | D49: 0.3542 | E49: 4.354 | F49: 0.03322 | G49: 0.0079622446 | H49: 5.554 | I49: 299.9 | J49: 0.0001948

Sheet Ella_ ear_normalized
A1: frequency_MHz | B1: placement | C1: Input Power (W) | D1: SAR_wholebody (mW/kg) | E1: SAR_head (mW/kg) | F1: SAR_trunk (mW/kg) | G1: SAR averagedbrain(mW/kg) | H1: psSAR10g_eyes (mW/kg) | I1: psSAR10g_skin (mW/kg) | J1: psSAR10g_brain (mW/kg)
A2: 700 | B2: cheek_1 | C2: 1 | D2: =Tabella5[[#This Row],[SAR_wholebody (mW/kg)]]*10^3/Tabella5[[#This Row],[Input Power (mW)]] | E2: =Tabella5[[#This Row],[SAR_head (mW/kg)]]*10^3/Tabella5[[#This Row],[Input Power (mW)]] | F2: =Tabella5[[#This Row],[SAR_trunk (mW/kg)]]*10^3/Tabella5[[#This Row],[Input Power (mW)]] | G2: =Tabella5[[#This Row],[SAR averagedbrain(mW/kg)]]*10^3/Tabella5[[#This Row],[Input Power (mW)]] | H2: =Tabella5[[#This Row],[psSAR10g_eyes (mW/kg)]]*10^3/Tabella5[[#This Row],[Input Power (mW)]] | I2: =Tabella5[[#This Row],[psSAR10g_skin (mW/kg)]]*10^3/Tabella5[[#This Row],[Input Power (mW)]] | J2: =Tabella5[[#This Row],[psSAR10g_brain (mW/kg)]]*10^3/Tabella5[[#This Row],[Input Power (mW)]]
A3: 700 | B3: cheek_2 | C3: 1 | D3: =Tabella5[[#This Row],[SAR_wholebody (mW/kg)]]*10^3/Tabella5[[#This Row],[Input Power (mW)]] | E3: =Tabella5[[#This Row],[SAR_head (mW/kg)]]*10^3/Tabella5[[#This Row],[Input Power (mW)]] | F3: =Tabella5[[#This Row],[SAR_trunk (mW/kg)]]*10^3/Tabella5[[#This Row],[Input Power (mW)]] | G3: =Tabella5[[#This Row],[SAR averagedbrain(mW/kg)]]*10^3/Tabella5[[#This Row],[Input Power (mW)]] | H3: =Tabella5[[#This Row],[psSAR10g_eyes (mW/kg)]]*10^3/Tabella5[[#This Row],[Input Power (mW)]] | I3: =Tabella5[[#This Row],[psSAR10g_skin (mW/kg)]]*10^3/Tabella5[[#This Row],[Input Power (mW)]] | J3: =Tabella5[[#This Row],[psSAR10g_brain (mW/kg)]]*10^3/Tabella5[[#This Row],[Input Power (mW)]]
A4: 700 | B4: cheek_3 | C4: 1 | D4: =Tabella5[[#This Row],[SAR_wholebody (mW/kg)]]*10^3/Tabella5[[#This Row],[Input Power (mW)]] | E4: =Tabella5[[#This Row],[SAR_head (mW/kg)]]*10^3/Tabella5[[#This Row],[Input Power (mW)]] | F4: =Tabella5[[#This Row],[SAR_trunk (mW/kg)]]*10^3/Tabella5[[#This Row],[Input Power (mW)]] | G4: =Tabella5[[#This Row],[SAR averagedbrain(mW/kg)]]*10^3/Tabella5[[#This Row],[Input Power (mW)]] | H4: =Tabella5[[#This Row],[psSAR10g_eyes (mW/kg)]]*10^3/Tabella5[[#This Row],[Input Power (mW)]] | I4: =Tabella5[[#This Row],[psSAR10g_skin (mW/kg)]]*10^3/Tabella5[[#This Row],[Input Power (mW)]] | J4: =Tabella5[[#This Row],[psSAR10g_brain (mW/kg)]]*10^3/Tabella5[[#This Row],[Input Power (mW)]]
A5: 700 | B5: tilt_1 | C5: 1 | D5: =Tabella5[[#This Row],[SAR_wholebody (mW/kg)]]*10^3/Tabella5[[#This Row],[Input Power (mW)]] | E5: =Tabella5[[#This Row],[SAR_head (mW/kg)]]*10^3/Tabella5[[#This Row],[Input Power (mW)]] | F5: =Tabella5[[#This Row],[SAR_trunk (mW/kg)]]*10^3/Tabella5[[#This Row],[Input Power (mW)]] | G5: =Tabella5[[#This Row],[SAR averagedbrain(mW/kg)]]*10^3/Tabella5[[#This Row],[Input Power (mW)]] | H5: =Tabella5[[#This Row],[psSAR10g_eyes (mW/kg)]]*10^3/Tabella5[[#This Row],[Input Power (mW)]] | I5: =Tabella5[[#This Row],[psSAR10g_skin (mW/kg)]]*10^3/Tabella5[[#This Row],[Input Power (mW)]] | J5: =Tabella5[[#This Row],[psSAR10g_brain (mW/kg)]]*10^3/Tabella5[[#This Row],[Input Power (mW)]]
A6: 700 | B6: tilt_2 | C6: 1 | D6: =Tabella5[[#This Row],[SAR_wholebody (mW/kg)]]*10^3/Tabella5[[#This Row],[Input Power (mW)]] | E6: =Tabella5[[#This Row],[SAR_head (mW/kg)]]*10^3/Tabella5[[#This Row],[Input Power (mW)]] | F6: =Tabella5[[#This Row],[SAR_trunk (mW/kg)]]*10^3/Tabella5[[#This Row],[Input Power (mW)]] | G6: =Tabella5[[#This Row],[SAR averagedbrain(mW/kg)]]*10^3/Tabella5[[#This Row],[Input Power (mW)]] | H6: =Tabella5[[#This Row],[psSAR10g_eyes (mW/kg)]]*10^3/Tabella5[[#This Row],[Input Power (mW)]] | I6: =Tabella5[[#This Row],[psSAR10g_skin (mW/kg)]]*10^3/Tabella5[[#This Row],[Input Power (mW)]] | J6: =Tabella5[[#This Row],[psSAR10g_brain (mW/kg)]]*10^3/Tabella5[[#This Row],[Input Power (mW)]]
A7: 700 | B7: tilt_3 | C7: 1 | D7: =Tabella5[[#This Row],[SAR_wholebody (mW/kg)]]*10^3/Tabella5[[#This Row],[Input Power (mW)]] | E7: =Tabella5[[#This Row],[SAR_head (mW/kg)]]*10^3/Tabella5[[#This Row],[Input Power (mW)]] | F7: =Tabella5[[#This Row],[SAR_trunk (mW/kg)]]*10^3/Tabella5[[#This Row],[Input Power (mW)]] | G7: =Tabella5[[#This Row],[SAR averagedbrain(mW/kg)]]*10^3/Tabella5[[#This Row],[Input Power (mW)]] | H7: =Tabella5[[#This Row],[psSAR10g_eyes (mW/kg)]]*10^3/Tabella5[[#This Row],[Input Power (mW)]] | I7: =Tabella5[[#This Row],[psSAR10g_skin (mW/kg)]]*10^3/Tabella5[[#This Row],[Input Power (mW)]] | J7: =Tabella5[[#This Row],[psSAR10g_brain (mW/kg)]]*10^3/Tabella5[[#This Row],[Input Power (mW)]]
A8: 835 | B8: cheek_1 | C8: 1 | D8: =Tabella5[[#This Row],[SAR_wholebody (mW/kg)]]*10^3/Tabella5[[#This Row],[Input Power (mW)]] | E8: =Tabella5[[#This Row],[SAR_head (mW/kg)]]*10^3/Tabella5[[#This Row],[Input Power (mW)]] | F8: =Tabella5[[#This Row],[SAR_trunk (mW/kg)]]*10^3/Tabella5[[#This Row],[Input Power (mW)]] | G8: =Tabella5[[#This Row],[SAR averagedbrain(mW/kg)]]*10^3/Tabella5[[#This Row],[Input Power (mW)]] | H8: =Tabella5[[#This Row],[psSAR10g_eyes (mW/kg)]]*10^3/Tabella5[[#This Row],[Input Power (mW)]] | I8: =Tabella5[[#This Row],[psSAR10g_skin (mW/kg)]]*10^3/Tabella5[[#This Row],[Input Power (mW)]] | J8: =Tabella5[[#This Row],[psSAR10g_brain (mW/kg)]]*10^3/Tabella5[[#This Row],[Input Power (mW)]]
A9: 835 | B9: cheek_2 | C9: 1 | D9: =Tabella5[[#This Row],[SAR_wholebody (mW/kg)]]*10^3/Tabella5[[#This Row],[Input Power (mW)]] | E9: =Tabella5[[#This Row],[SAR_head (mW/kg)]]*10^3/Tabella5[[#This Row],[Input Power (mW)]] | F9: =Tabella5[[#This Row],[SAR_trunk (mW/kg)]]*10^3/Tabella5[[#This Row],[Input Power (mW)]] | G9: =Tabella5[[#This Row],[SAR averagedbrain(mW/kg)]]*10^3/Tabella5[[#This Row],[Input Power (mW)]] | H9: =Tabella5[[#This Row],[psSAR10g_eyes (mW/kg)]]*10^3/Tabella5[[#This Row],[Input Power (mW)]] | I9: =Tabella5[[#This Row],[psSAR10g_skin (mW/kg)]]*10^3/Tabella5[[#This Row],[Input Power (mW)]] | J9: =Tabella5[[#This Row],[psSAR10g_brain (mW/kg)]]*10^3/Tabella5[[#This Row],[Input Power (mW)]]
A10: 835 | B10: cheek_3 | C10: 1 | D10: =Tabella5[[#This Row],[SAR_wholebody (mW/kg)]]*10^3/Tabella5[[#This Row],[Input Power (mW)]] | E10: =Tabella5[[#This Row],[SAR_head (mW/kg)]]*10^3/Tabella5[[#This Row],[Input Power (mW)]] | F10: =Tabella5[[#This Row],[SAR_trunk (mW/kg)]]*10^3/Tabella5[[#This Row],[Input Power (mW)]] | G10: =Tabella5[[#This Row],[SAR averagedbrain(mW/kg)]]*10^3/Tabella5[[#This Row],[Input Power (mW)]] | H10: =Tabella5[[#This Row],[psSAR10g_eyes (mW/kg)]]*10^3/Tabella5[[#This Row],[Input Power (mW)]] | I10: =Tabella5[[#This Row],[psSAR10g_skin (mW/kg)]]*10^3/Tabella5[[#This Row],[Input Power (mW)]] | J10: =Tabella5[[#This Row],[psSAR10g_brain (mW/kg)]]*10^3/Tabella5[[#This Row],[Input Power (mW)]]
A11: 835 | B11: tilt_1 | C11: 1 | D11: =Tabella5[[#This Row],[SAR_wholebody (mW/kg)]]*10^3/Tabella5[[#This Row],[Input Power (mW)]] | E11: =Tabella5[[#This Row],[SAR_head (mW/kg)]]*10^3/Tabella5[[#This Row],[Input Power (mW)]] | F11: =Tabella5[[#This Row],[SAR_trunk (mW/kg)]]*10^3/Tabella5[[#This Row],[Input Power (mW)]] | G11: =Tabella5[[#This Row],[SAR averagedbrain(mW/kg)]]*10^3/Tabella5[[#This Row],[Input Power (mW)]] | H11: =Tabella5[[#This Row],[psSAR10g_eyes (mW/kg)]]*10^3/Tabella5[[#This Row],[Input Power (mW)]] | I11: =Tabella5[[#This Row],[psSAR10g_skin (mW/kg)]]*10^3/Tabella5[[#This Row],[Input Power (mW)]] | J11: =Tabella5[[#This Row],[psSAR10g_brain (mW/kg)]]*10^3/Tabella5[[#This Row],[Input Power (mW)]]
A12: 835 | B12: tilt_2 | C12: 1 | D12: =Tabella5[[#This Row],[SAR_wholebody (mW/kg)]]*10^3/Tabella5[[#This Row],[Input Power (mW)]] | E12: =Tabella5[[#This Row],[SAR_head (mW/kg)]]*10^3/Tabella5[[#This Row],[Input Power (mW)]] | F12: =Tabella5[[#This Row],[SAR_trunk (mW/kg)]]*10^3/Tabella5[[#This Row],[Input Power (mW)]] | G12: =Tabella5[[#This Row],[SAR averagedbrain(mW/kg)]]*10^3/Tabella5[[#This Row],[Input Power (mW)]] | H12: =Tabella5[[#This Row],[psSAR10g_eyes (mW/kg)]]*10^3/Tabella5[[#This Row],[Input Power (mW)]] | I12: =Tabella5[[#This Row],[psSAR10g_skin (mW/kg)]]*10^3/Tabella5[[#This Row],[Input Power (mW)]] | J12: =Tabella5[[#This Row],[psSAR10g_brain (mW/kg)]]*10^3/Tabella5[[#This Row],[Input Power (mW)]]
A13: 835 | B13: tilt_3 | C13: 1 | D13: =Tabella5[[#This Row],[SAR_wholebody (mW/kg)]]*10^3/Tabella5[[#This Row],[Input Power (mW)]] | E13: =Tabella5[[#This Row],[SAR_head (mW/kg)]]*10^3/Tabella5[[#This Row],[Input Power (mW)]] | F13: =Tabella5[[#This Row],[SAR_trunk (mW/kg)]]*10^3/Tabella5[[#This Row],[Input Power (mW)]] | G13: =Tabella5[[#This Row],[SAR averagedbrain(mW/kg)]]*10^3/Tabella5[[#This Row],[Input Power (mW)]] | H13: =Tabella5[[#This Row],[psSAR10g_eyes (mW/kg)]]*10^3/Tabella5[[#This Row],[Input Power (mW)]] | I13: =Tabella5[[#This Row],[psSAR10g_skin (mW/kg)]]*10^3/Tabella5[[#This Row],[Input Power (mW)]] | J13: =Tabella5[[#This Row],[psSAR10g_brain (mW/kg)]]*10^3/Tabella5[[#This Row],[Input Power (mW)]]
... A49: 5800 | B49: tilt_3 | C49: 1 | D49: =Tabella5[[#This Row],[SAR_wholebody (mW/kg)]]*10^3/Tabella5[[#This Row],[Input Power (mW)]] | E49: =Tabella5[[#This Row],[SAR_head (mW/kg)]]*10^3/Tabella5[[#This Row],[Input Power (mW)]] | F49: =Tabella5[[#This Row],[SAR_trunk (mW/kg)]]*10^3/Tabella5[[#This Row],[Input Power (mW)]] | G49: =Tabella5[[#This Row],[SAR averagedbrain(mW/kg)]]*10^3/Tabella5[[#This Row],[Input Power (mW)]] | H49: =Tabella5[[#This Row],[psSAR10g_eyes (mW/kg)]]*10^3/Tabella5[[#This Row],[Input Power (mW)]] | I49: =Tabella5[[#This Row],[psSAR10g_skin (mW/kg)]]*10^3/Tabella5[[#This Row],[Input Power (mW)]] | J49: =Tabella5[[#This Row],[psSAR10g_brain (mW/kg)]]*10^3/Tabella5[[#This Row],[Input Power (mW)]]
