Workbook

Sheet MobileCall
B1: Total_dose_call | D1: Total_dose_phone | F1: Total_dose_headphone_BT | H1: Total_dose_phone_BT | J1: Duration | K1: connection mode_transmitter_weighted_m_SAR | M1: aggregated_BT_mSAR | Q1: transmitter_weighted_mSAR | AQ1: Positions | AW1: transmitter_position_weighted_SAR | BI1: SAR_wifi2 | BU1: SAR_wifi5 | CG1: Connectivity_mode | CJ1: Output power | CT1: network_technology_native | CX1: network_technology_data_call | DB1: wifi_technology_call | DD1: power_native call | EF1: power_data_call | FB1: power_wifi_call | FD1: Power_BT_call | FE1: duty_cycle | FP1: frequency contribution | FW1: SAR_native_call | IA1: SAR_earware_BT_wifi2 | IC1: conectivity_mode
B2: mJ/kg/day | D2: mJ/kg/day | F2: mJ/kg/day | H2: mJ/kg/day | J2: second | M2: headphone | O2: phone | Q2: native call | AA2: data call | AK2: wifi call | AQ2: proportion | AW2: 2G | AY2: 3G | BA2: 4G | BC2: 5G | BE2: wifi2 | BG2: wifi5 | BI2: W/kg/W | BU2: W/kg/W | CG2: proportion | CJ2: Native call | CN2: data call | CR2: wifi | CT2: proportion | CX2: proportion | DB2: proportion | DD2: mW | EF2: mW | FB2: mW | FD2: mW | FE2: 2G | FG2: 3G | FI2: 4G | FK2: 5G | FM2: wifi2 | FN2: wifi5 | FO2: BT | FP2: proportion | FW2: brain | GY2: WB | IA2: W/kg/W | IC2: proportion
A3: source | B3: brain | C3: WB | D3: brain | E3: WB | F3: brain | G3: WB | H3: brain | I3: WB | K3: Total | M3: brain | N3: wb | O3: brain | P3: wb | Q3: brain | V3: wb | AA3: brain | AF3: wb | AK3: brain | AN3: wb | AQ3: ear | AR3: headphone | AS3: headset_position of phone during call over heaadphone | AV3: speaker(front of mouth) | AW3: brain | AX3: wb | AY3: brain | AZ3: wb | BA3: brain | BB3: wb | BC3: brain | BD3: wb | BE3: brain | BF3: wb | BG3: brain | BH3: wb | BI3: brain | BO3: WB | BU3: brain | CA3: WB | CG3: network | CH3: data | CI3: wifi | CJ3: 2G | CK3: 3G | CL3: 4G | CM3: 5G | CN3: 2G | CO3: 3G | CP3: 4G | CQ3: 5G | CR3: wifi2 | CS3: wifi5 | CT3: 2G | CU3: 3G | CV3: 4G | CW3: 5G | CX3: 2G | CY3: 3G | CZ3: 4G | DA3: 5G | DB3: wifi2 | DC3: wifi5 | DD3: 2G | DK3: 3G | DR3: 4G | DY3: 5G | EF3: 2G | EG3: 3G | EN3: 4G | EU3: 5G | FB3: wifi2 | FC3: wifi5 | FE3: native_call | FF3: data_call | FG3: native_call | FH3: data_call | FI3: native_call | FJ3: data_call | FK3: native_call | FL3: data_call | FM3: call | FN3: call | FO3: call | FP3: 700 | FQ3: 800 | FR3: 900 | FS3: 1800 | FT3: 2100 | FU3: 2600 | FV3: 3500 | FW3: to_ear | GD3: speaker(front of mouth) | GK3: pocket | GR3: front_of_face | GY3: to_ear | HF3: speaker(front of mouth) | HM3: pocket | HT3: front_of_face | IA3: brain | IB3: WB | IC3: total | IE3: home | IG3: school | II3: commuting | IK3: outdoor | IM3: Reference | IN3: Remarks
A4: variable | K4: brain | L4: wb | Q4: Total | R4: 2G | S4: 3G | T4: 4G | U4: 5G | V4: total | W4: 2G | X4: 3G | Y4: 4G | Z4: 5G | AA4: total | AB4: 2G | AC4: 3G | AD4: 4G | AE4: 5G | AF4: Total | AG4: 2G | AH4: 3G | AI4: 4G | AJ4: 5G | AK4: total | AL4: wifi2 | AM4: wifi5 | AN4: total | AO4: wifi2 | AP4: wifi5 | AS4: front_of face | AT4: pocket | AU4: far | BI4: ear | BJ4: agregated_phone_position_(during headset use) | BK4: front_of face | BL4: pocket | BM4: far | BN4: speaker(front of mouth) | BO4: ear | BP4: agregated_phone_position_(during headset use) | BQ4: front_of face | BR4: pocket | BS4: far | BT4: speaker(front of mouth) | BU4: ear | BV4: agregated_phone_position_(during headset use) | BW4: front_of face | BX4: pocket | BY4: far | BZ4: speaker(front of mouth) | CA4: ear | CB4: agregated_phone_position_(during headset use) | CC4: front_of face | CD4: pocket | CE4: far | CF4: speaker(front of mouth)(FoF) | DD4: urban_indoor | DE4: urban_outdoor | DF4: suburban_indoor | DG4: suburban_outdoor | DH4: rural_indoor | DI4: rural_outdoor | DJ4: traveling | DK4: urban_indoor | DL4: urban_outdoor | DM4: suburban_indoor | DN4: suburban_outdoor | DO4: rural_indoor | DP4: rural_outdoor | DQ4: traveling | DR4: urban_indoor | DS4: urban_outdoor | DT4: suburban_indoor | DU4: suburban_outdoor | DV4: rural_indoor | DW4: rural_outdoor | DX4: traveling | DY4: urban_indoor | DZ4: urban_outdoor | EA4: suburban_indoor | EB4: suburban_outdoor | EC4: rural_indoor | ED4: rural_outdoor | EE4: traveling | EG4: urban_indoor | EH4: urban_outdoor | EI4: suburban_indoor | EJ4: suburban_outdoor | EK4: rural_indoor | EL4: rural_outdoor | EM4: traveling | EN4: urban_indoor | EO4: urban_outdoor | EP4: suburban_indoor | EQ4: suburban_outdoor | ER4: rural_indoor | ES4: rural_outdoor | ET4: traveling | EU4: urban_indoor | EV4: urban_outdoor | EW4: suburban_indoor | EX4: suburban_outdoor | EY4: rural_indoor | EZ4: rural_outdoor | FA4: traveling | FW4: 700 | FX4: 800 | FY4: 900 | FZ4: 1800 | GA4: 2100 | GB4: 2600 | GC4: 3500 | GD4: 700 | GE4: 800 | GF4: 900 | GG4: 1800 | GH4: 2100 | GI4: 2600 | GJ4: 3500 | GK4: 700 | GL4: 800 | GM4: 900 | GN4: 1800 | GO4: 2100 | GP4: 2600 | GQ4: 3500 | GR4: 700 | GS4: 800 | GT4: 900 | GU4: 1800 | GV4: 2100 | GW4: 2600 | GX4: 3500 | GY4: 700 | GZ4: 800 | HA4: 900 | HB4: 1800 | HC4: 2100 | HD4: 2600 | HE4: 3500 | HF4: 700 | HG4: 800 | HH4: 900 | HI4: 1800 | HJ4: 2100 | HK4: 2600 | HL4: 3500 | HM4: 700 | HN4: 800 | HO4: 900 | HP4: 1800 | HQ4: 2100 | HR4: 2600 | HS4: 3500 | HT4: 700 | HU4: 800 | HV4: 900 | HW4: 1800 | HX4: 2100 | HY4: 2600 | HZ4: 3500 | IC4: data | ID4: wifi | IE4: data | IF4: wifi | IG4: data | IH4: wifi | II4: data | IJ4: wifi | IK4: data | IL4: wifi
A5: Summary | B5: =D5+F5+H5 -> 322.77372 | C5: =E5+G5+I5 -> 66.647262 | D5: =J5*K5 -> 320.49514 | E5: =J5*L5 -> 64.930428 | F5: =J5*M5*2 -> 2.2575912 | G5: =J5*N5*2 -> 1.5829483 | H5: =J5*O5 -> 0.02099412 | I5: =J5*P5 -> 0.13388614 | J5: =[1]Sheet1!$B$12 -> 1533.3532 | K5: =CG5*Q5+CH5*AA5+CI5*AK5 -> 0.20901586 | L5: =CG5*V5+CH5*AF5+CI5*AN5 -> 0.042345382 | M5: =AR5*IA5*FD5*FO5 -> 0.00073616151 | N5: =AR5*IB5*FD5*FO5 -> 0.0005161721 | O5: =AR5*BJ5*FD5*FO5 -> 1.369164e-05 | P5: =AR5*BP5*FD5*FO5 -> 8.7315918e-05 | Q5: =R5*CT5+S5*CU5+T5*CV5+U5*CW5 -> 0.27543147 | R5: =AW5*CJ5 -> 5.5454447 | S5: =AY5*CK5 -> 0.067507437 | T5: =BA5*CL5 -> 0.23862487 | U5: =BC5*CM5 -> 0 | V5: =W5*CT5+X5*CU5+Y5*CV5+Z5*CW5 -> 0.050371323 | W5: =AX5*CJ5 -> 0.97175652 | X5: =AZ5*CK5 -> 0.01224002 | Y5: =BB5*CL5 -> 0.043968153 | Z5: =BD5*CM5 -> 0 | AA5: =AB5*CX5+AC5*CY5+AD5*CZ5+AE5*DA5 -> 0.1046509 | AB5: =AW5*CN5 -> 0 | AC5: =AY5*CO5 -> 0.03821353 | AD5: =BA5*CP5 -> 0.15412491 | AE5: =BC5*CQ5 -> 0.0070068933 | AF5: =AG5*CX5+AH5*CY5+AI5*CZ5+AJ5*DA5 -> 0.023521457 | AG5: =AX5*CN5 -> 0 | AH5: =AZ5*CO5 -> 0.0069286346 | AI5: =BB5*CP5 -> 0.028398497 | AJ5: =BD5*CQ5 -> 0.014440923 | AK5: =AL5*DB5+AM5*DC5 -> 0.022414125 | AL5: =BE5*CR5 -> 0.034377935 | AM5: =BG5*CS5 -> 0.0058926728 | AN5: =AO5*DB5+AP5*DC5 -> 0.023678651 | AO5: =BF5*CR5 -> 0.015339508 | AP5: =BH5*CS5 -> 0.035194611 | AQ5: =[1]Sheet1!$B$5 -> 0.44776904 | AR5: =[1]Sheet1!$B$6 -> 0.22948502 | AS5: 0.333 | AT5: 0.333 | AU5: 0.333 | AV5: =1-(AQ5+AR5) -> 0.32274594 | AW5: =$AQ$5*S36+$AR$5*T36+$AV$5*X36 -> 0.038915611 | AX5: =$AQ$5*Y36+$AR$5*Z36+$AV$5*AD36 -> 0.0068193806 | AY5: =$AQ$5*S37+$AR$5*T37+$AV$5*X37 -> 0.036596764 | AZ5: =$AQ$5*Y37+$AR$5*Z37+$AV$5*AD37 -> 0.0066354928 | BA5: =$AQ$5*S38+$AR$5*T38+$AV$5*X38 -> 0.035978107 | BB5: =$AQ$5*Y38+$AR$5*Z38+$AV$5*AD38 -> 0.0066291954 | BC5: =$AQ$5*S39+$AR$5*T39+$AV$5*X39 -> 0.0028402645 | BD5: =$AQ$5*Y39+$AR$5*Z39+$AV$5*AD39 -> 0.00585367 | BE5: =$AQ$5*BI5+$AR$5*BJ5+$AV$5*BN5 -> 0.012555857 | BF5: =$AQ$5*BO5+$AR$5*BP5+$AV$5*BT5 -> 0.0056024498 | BG5: =$AQ$5*BU5+$AR$5*BV5+$AV$5*BZ5 -> 0.00059763416 | BH5: =$AQ$5*CA5+$AR$5*CB5+$AV$5*CF5 -> 0.0035694332 | BI5: =[4]Sheet1!$I$7 -> 0.026727749 | BJ5: =AS5*BK5+AT5*BL5+AU5*BM5 -> 0.00037289035 | BK5: =[4]Sheet1!$I$27 -> 0.0011194632 | BL5: =[4]Sheet1!$I$37 -> 3.2767949e-07 | BM5: 0 | BN5: =[4]Sheet1!$I$17 -> 0.0015567211 | BO5: =[5]Sheet1!$H$7 -> 0.010022773 | BP5: =AS5*BQ5+AT5*BR5+AU5*BS5 -> 0.0023780397 | BQ5: =[5]Sheet1!$H$27 -> 0.00086311725 | BR5: =[5]Sheet1!$H$37 -> 0.0062781431 | BS5: 0 | BT5: =[5]Sheet1!$H$17 -> 0.0017624951 | BU5: =[4]Sheet1!$I$10 -> 0.0010403714 | BV5: =AS5*BW5+AT5*BX5+AU5*BY5 -> 0.00010658385 | BW5: =[4]Sheet1!$I$30 -> 0.00032007162 | BX5: =[4]Sheet1!$I$40 -> 1.3703765e-11 | BY5: 0 | BZ5: =[4]Sheet1!$I$20 -> 0.00033254851 | CA5: =[5]Sheet1!$H$10 -> 0.0065385221 | CB5: =AS5*CC5+AT5*CD5+AU5*CE5 -> 0.0010079979 | CC5: =[5]Sheet1!$H$30 -> 0.00055363292 | CD5: =[5]Sheet1!$H$40 -> 0.0024733878 | CE5: 0 | CF5: =[5]Sheet1!$H$20 -> 0.00127148 | CG5: 0.7 | CH5: =IC5*(1-CG5) -> 0.11539355 | CI5: =ID5*(1-CG5) -> 0.18460645 | CJ5: =((Farfield!$N$5+Farfield!$P$5)*DF5+Farfield!$O$5*DG5+Farfield!$Q$5*DJ5)*FE5 -> 142.49923 | CK5: =((Farfield!$N$5+Farfield!$P$5)*DM5+Farfield!$O$5*DN5+Farfield!$Q$5*DQ5)*FG5 -> 1.8446286 | CL5: =((Farfield!$N$5+Farfield!$P$5)*DT5+Farfield!$O$5*DU5+Farfield!$Q$5*DX5)*FI5 -> 6.6325021 | CM5: =((Farfield!$N$5+Farfield!$P$5)*EA5+Farfield!$O$5*EB5+Farfield!$Q$5*EE5)*FK5 -> 0 | CN5: 0 | CO5: =((Farfield!$N$5+Farfield!$P$5)*EI5+Farfield!$O$5*EJ5+Farfield!$Q$5*EM5)*FH5 -> 1.0441778 | CP5: =((Farfield!$N$5+Farfield!$P$5)*EP5+Farfield!$O$5*EQ5+Farfield!$Q$5*ET5)*FJ5 -> 4.2838527 | CQ5: =((Farfield!$N$5+Farfield!$P$5)*EW5+Farfield!$O$5*EX5+Farfield!$Q$5*FA5)*FL5 -> 2.4669862 | CR5: =FB5*FM5 -> 2.738 | CS5: =FN5*FC5 -> 9.86 | CT5: =CT13 -> 0.0075 | CU5: =CU13 -> 0.0175 | CV5: =AVERAGE(CV23:CV24) -> 0.975 | CW5: 0 | CX5: 0 | CY5: =CU5 -> 0.0175 | CZ5: =CV13 -> 0.66 | DA5: =CT13+CW13 -> 0.3225 | DB5: 0.58 | DC5: 0.42 | DD5: =AVERAGE(DD21,DD61) -> 374.86821 | DE5: =AVERAGE(DE21,DE60) -> 173.80504 | DF5: =AVERAGE(DF21,DF61) -> 1281.5155 | DG5: =AVERAGE(DG21,DG60) -> 383.89741 | DH5: =AVERAGE(DH21,DH61) -> 1371.2333 | DI5: =AVERAGE(DI21,DI60) -> 433.89741 | DJ5: =DG5 -> 383.89741 | DK5: =AVERAGE(DK20:DK63) -> 0.97 | DL5: =AVERAGE(DL20:DL62) -> 0.21837582 | DM5: 2.03 | DN5: =AVERAGE(DN21:DN44) -> 0.63297821 | DO5: =AVERAGE(DO21:DO44) -> 6.2 | DP5: =DP21 -> 2.644793 | DQ5: =DN5 -> 0.63297821 | DR5: 140.5 | DS5: 94.3 | DT5: =AVERAGE(DR5,DV5) -> 159.3 | DU5: =AVERAGE(DS5,DW5) -> 109.75 | DV5: 178.1 | DW5: 125.2 | DX5: =DU5 -> 109.75 | DY5: 0 | DZ5: 0 | EA5: =AVERAGE(DY5,EC5) -> 0 | EB5: =AVERAGE(DZ5,ED5) -> 0 | EC5: 0 | ED5: 0 | EE5: 0 | EF5: 0 | EG5: =AVERAGE(EG20:EG31) -> 0.605 | EH5: =EH30 -> 0.25808061 | EI5: 2.04 | EJ5: 0.87 | EK5: 6.28 | EL5: 2.68 | EM5: =EJ5 -> 0.87 | EN5: 64.105638 | EO5: 54.479069 | EP5: =AVERAGE(EN5,ER5) -> 77.898518 | EQ5: =AVERAGE(EO5,ES5) -> 68.405662 | ER5: 91.691398 | ES5: 82.332255 | ET5: 74.3 | EU5: 46.35 | EV5: 36.92 | EW5: 49.13 | EX5: 40.045 | EY5: 51.91 | EZ5: 43.17 | FA5: 31.52 | FB5: 100 | FC5: 200 | FD5: 1 | FE5: 0.12 | FF5: 0 | FG5: =AVERAGE(FG30:FG33) -> 0.979275 | FH5: =AVERAGE(FH30:FH32) -> 0.54456667 | FI5: =AVERAGE(FI14:FI15) -> 0.0430375 | FJ5: =AVERAGE(FJ14:FJ15) -> 0.0556125 | FK5: 0 | FL5: =AVERAGE(FL14:FL15) -> 0.0514 | FM5: =AVERAGE(FM43:FM50) -> 0.02738 | FN5: =AVERAGE(FN52:FN55) -> 0.0493 | FO5: 0.16 | FW5: =[4]Sheet1!$I$2 -> 0.13006405 | FX5: =[4]Sheet1!$I$3 -> 0.12393633 | FY5: =[4]Sheet1!$I$4 -> 0.11559835 | FZ5: =[4]Sheet1!$I$5 -> 0.046356407 | GA5: =[4]Sheet1!$I$6 -> 0.036757199 | GB5: =[4]Sheet1!$I$8 -> 0.022514603 | GC5: =[4]Sheet1!$I$9 -> 0.0055389929 | GD5: =[4]Sheet1!$I$12 -> 0.011281702 | GE5: =[4]Sheet1!$I$13 -> 0.011873286 | GF5: =[4]Sheet1!$I$14 -> 0.011306646 | GG5: =[4]Sheet1!$I$15 -> 0.0032107719 | GH5: =[4]Sheet1!$I$16 -> 0.0022888349 | GI5: =[4]Sheet1!$I$18 -> 0.0014547261 | GJ5: =[4]Sheet1!$I$19 -> 0.00095661199 | GK5: =[4]Sheet1!$I$32 -> 1.7412275e-05 | GL5: =[4]Sheet1!$I$33 -> 1.0178719e-05 | GM5: =[4]Sheet1!$I$34 -> 6.4273436e-06 | GN5: =[4]Sheet1!$I$35 -> 8.6760009e-07 | GO5: =[4]Sheet1!$I$36 -> 6.6947377e-07 | GP5: =[4]Sheet1!$I$38 -> 3.2542265e-07 | GQ5: =[4]Sheet1!$I$39 -> 2.3122642e-07 | GR5: =[4]Sheet1!$I$22 -> 0.0052001321 | GS5: =[4]Sheet1!$I$23 -> 0.0059920117 | GT5: =[4]Sheet1!$I$24 -> 0.0061323189 | GU5: =[4]Sheet1!$I$25 -> 0.002071216 | GV5: =[4]Sheet1!$I$26 -> 0.0015229456 | GW5: =[4]Sheet1!$I$28 -> 0.0010649384 | GX5: =[4]Sheet1!$I$29 -> 0.00067149569 | GY5: =[5]Sheet1!$H$2 -> 0.01235998 | GZ5: =[5]Sheet1!$H$3 -> 0.012324044 | HA5: =[5]Sheet1!$H$4 -> 0.012304222 | HB5: =[5]Sheet1!$H$5 -> 0.011088893 | HC5: =[5]Sheet1!$H$6 -> 0.01054371 | HD5: =[5]Sheet1!$H$8 -> 0.009871173 | HE5: =[5]Sheet1!$H$9 -> 0.0093079113 | HF5: =[5]Sheet1!$H$12 -> 0.0025625463 | HG5: =[5]Sheet1!$H$13 -> 0.002600383 | HH5: =[5]Sheet1!$H$14 -> 0.0025273974 | HI5: =[5]Sheet1!$H$15 -> 0.0020888569 | HJ5: =[5]Sheet1!$H$16 -> 0.0019220254 | HK5: =[5]Sheet1!$H$18 -> 0.0017111707 | HL5: =[5]Sheet1!$H$19 -> 0.0015678084 | HM5: =[5]Sheet1!$H$32 -> 0.012145422 | HN5: =[5]Sheet1!$H$33 -> 0.011758565 | HO5: =[5]Sheet1!$H$34 -> 0.011416986 | HP5: =[5]Sheet1!$H$35 -> 0.0083457105 | HQ5: =[5]Sheet1!$H$36 -> 0.0074539133 | HR5: =[5]Sheet1!$H$38 -> 0.0058203138 | HS5: =[5]Sheet1!$H$39 -> 0.0040844685 | HT5: =[5]Sheet1!$H$22 -> 0.001114629 | HU5: =[5]Sheet1!$H$23 -> 0.0011643615 | HV5: =[5]Sheet1!$H$24 -> 0.0011924328 | HW5: =[5]Sheet1!$H$25 -> 0.00095279762 | HX5: =[5]Sheet1!$H$26 -> 0.00093100545 | HY5: =[5]Sheet1!$H$28 -> 0.00084724207 | HZ5: =[5]Sheet1!$H$29 -> 0.0007262761 | IA5: =[4]Sheet1!$J$62 -> 0.02004928 | IB5: =[5]Sheet1!$I$62 -> 0.014057892 | IC5: =IE5*Farfield!N5+IG5*Farfield!P5+II5*Farfield!Q5+IK5*Farfield!O5 -> 0.38464516 | ID5: =IF5*Farfield!N5+IH5*Farfield!P5+IJ5*Farfield!Q5+IL5*Farfield!O5 -> 0.61535484 | IE5: =1-IF5 -> 0.26213168 | IF5: =[1]Sheet1!$B$9 -> 0.73786832 | IG5: =1-IH5 -> 0.51078185 | IH5: =[1]Sheet1!$B$10 -> 0.48921815 | II5: =1-IJ5 -> 0.69282794 | IJ5: =[1]Sheet1!$B$11 -> 0.30717206 | IK5: 1 | IL5: 0
A6: user_inputs | DF6: default for indoor (work and home) | DG6: default for outdoor | DM6: default for indoor (work and home) | DN6: default for outdoor | DT6: default for indoor (work and home) | DU6: default for outdoor | EI6: default for indoor (work and home) | EJ6: default for outdoor | EP6: default for indoor (work and home) | EQ6: default for outdoor
A7: single data | J7: 6 | IM7: Eeftens M, Shen C, Sönksen J, Schmutz C, van Wel L, Liorni I, et al. Modelling of daily radiofrequency electromagnetic field dose for a prospective adolescent cohort. Environment International. 2023;172:107737.
J8: 0.7 | FW8: Adriana measurment_2023_EU | IM8: Birks LE, van Wel L, Liorni I, Pierotti L, Guxens M, Huss A, et al. Radiofrequency electromagnetic fields from mobile communication: Description of modeled dose in brain regions and the body in European children and adolescents. Environmental research. 2021;193:110505
J9: 10.6 | FO9: new value | IM9: Foerster M, Thielens A, Joseph W, Eeftens M, Röösli M. A Prospective Cohort Study of Adolescents' Memory Performance and Individual Brain Dose of Microwave Radiation from Wireless Communication. Environ Health Perspect. 2018;126(7):077007.
J10: 11 | DJ10: same as suburban outdoor | DQ10: same as suburban outdoor | DX10: same as suburban outdoor | IM10: van Wel L, Liorni I, Huss A, Thielens A, Wiart J, Joseph W, et al. Radio-frequency electromagnetic field exposure and contribution of sources in the general population: an organ-specific integrative exposure assessment. J Expo Sci Environ Epidemiol. 2021;31(6):999-1007.
AQ11: 0.66 | AR11: 0.17 | AV11: 0.17 | FI11: new values | FJ11: new values | FK11: new values | FL11: new values | IM11: Goedhart G, van Wel L, Langer CE, de Llobet Viladoms P, Wiart J, Hours M, et al. Recall of mobile phone usage and laterality in young people: The multinational Mobi-Expo study. Environmental Research. 2018;165:150-7. | IN11: MOBI-Kids study (2012 to 2014)--> “Participants reported that in ≥50% of call time they use of headset (wired) 17.1% or speaker (17.2%) mode use (high frequent use was not reported for Bluetooth headset)
CG12: 0.7 | CH12: new calculation | CI12: new calculation | DB12: new numbers | DC12: new numbers | DD12: Adrian_GOLIAT_2023_EU | FP12: Frequency contribution in different technology | IM12: INEGI. Distribution of Smartphone Users in Mexico from 2016 to 2019, by Internet Connection Type. 2020. | IN12: the proportion of native and internet calls are estimation. However, 27% and 3% are based on this fact people 91% of time we use mobile data and 9% Wi-Fi (so, 91%*0.30=27%) (4). This reference mentioned, “In 2019, approximately 90.6 percent of smartphone users in Mexico had a mobile internet connection, while 9.4 percent accessed the web only via Wi-Fi.”
CG13: 0.7 | CT13: =AVERAGE(CT15:CT16) -> 0.0075 | CU13: =AVERAGE(CU15:CU16) -> 0.0175 | CV13: =AVERAGE(CV15:CV16) -> 0.66 | CW13: =AVERAGE(CW15:CW16) -> 0.315 | FO13: 2G | FP13: 0 | FQ13: 0 | FR13: 0.5 | FS13: 0.5 | FT13: 0 | FU13: 0 | FV13: 0 | IM13: Last meeting suggestion
FH14: Nekane | FI14: 0.035 | FJ14: 0.085 | FK14: 0 | FL14: 0.048 | FO14: 3G | FP14: 0 | FQ14: 0 | FR14: 0.5 | FS14: 0 | FT14: 0.5 | FU14: 0 | FV14: 0 | IM14: Brzozek C, Zeleke BM, Abramson MJ, Benke KK, Benke G. Radiofrequency electromagnetic field exposure assessment: A pilot study on mobile phone signal strength and transmitted power levels. Journal of Exposure Science & Environmental Epidemiology. 2021 Jan;31(1):62-9. | IN14: 11% of activity with phone has been recorded for wifi. Not only call.
CS15: r | CT15: 0.01 | CU15: 0.03 | CV15: 0.88 | CW15: 0.08 | CX15: 0 | CY15: 0.03 | CZ15: 0.88 | DA15: 0.08 | FH15: Bram, | FI15: =AVERAGE(4.18,4.48,9.94,1.83)/100 -> 0.051075 | FJ15: =AVERAGE(1.93,2.99,4.47,1.1)/100 -> 0.026225 | FK15: 0 | FL15: =AVERAGE(1.62,0.61,7.18,12.51)/100 -> 0.0548 | FO15: 4G | FP15: 0.04 | FQ15: 0.19 | FR15: 0.21 | FS15: 0.28 | FT15: 0.19 | FU15: 0.09 | FV15: 0 | IM15: Ericsson Mobility Report, November 2025. Central and Eastern European Countries
CS16: d | CT16: 0.005 | CU16: 0.005 | CV16: 0.44 | CW16: 0.55 | CX16: 0 | CY16: 0.01 | CZ16: 0.44 | DA16: 0.55 | FH16: Application-dependent transmit power for auto-induced uplink exposure assessment from in-situ mobile phone usage in four European countries | FO16: 5G | FP16: 0 | FQ16: 0 | FR16: 0 | FS16: 0 | FT16: 0 | FU16: 0 | FV16: 1 | IM16: Ericsson Mobility Report, November 2025. west European countries
CT17: new number | CU17: new number | CV17: new number | CW17: new number | CX17: new number | CY17: new number | CZ17: new number | DA17: new number | IM17: IEM
IM18: IEM
AS19: note | CS19: sd | CT19: =STDEVA(CT15:CT16) -> 0.0035355339 | CU19: =STDEVA(CU15:CU16) -> 0.01767767 | CV19: =STDEVA(CV23:CV24) -> 0.021213203 | CW19: =STDEVA(CW15:CW16) -> 0.33234019 | CY19: =STDEVA(CY15:CY16) -> 0.014142136 | CZ19: =STDEVA(CZ15:CZ16) -> 0.31112698 | DA19: =CW19 -> 0.33234019 | DD19: =STDEVA(DD21,DD61) -> 262.85734 | DE19: =STDEVA(DE60,DE21) -> 48.830381 | DF19: =STDEVA(DF61,DF21) -> 702.13512 | DG19: =STDEVA(DG60,DG21) -> 130.43397 | DH19: =STDEVA(DH61,DH21) -> 575.25496 | DI19: =STDEVA(DI60,DI21) -> 106.86374 | DJ19: =DG19 -> 130.43397 | DK19: =STDEVA(DK20:DK62) -> 0.69248345 | DL19: =STDEVA(DL20,DL21,DL36,DL62) -> 0.18408485 | DM19: ? | DN19: =STDEVA(DN21,DN36) -> 0.32948095 | DO19: ? | DP19: ? | DQ19: =DN19 -> 0.32948095 | EG19: =STDEVA(EG20:EG31) -> 0.8131728 | FE19: =STDEVA(FE30:FE34) -> 0 | FF19: 0 | FG19: =STDEVA(FG30:FG33) -> 0.025057983 | FH19: =STDEVA(FH30:FH32) -> 0.14432326 | FI19: =STDEVA(FI14:FI15) -> 0.011366742 | FJ19: =STDEVA(FJ14:FJ15) -> 0.041560201 | FK19: =STDEVA(FK14:FK15) -> 0 | FL19: =STDEVA(FL14:FL15) -> 0.0048083261 | FM19: =STDEVA(FM43:FM50) -> 0.013709559 | FN19: =STDEVA(FN52:FN55) -> 0.0099853226 | IM19: Persson T, Törnevik C, Larsson LE, Lovén J. Output power distributions of terminals in a 3G mobile communication network. Bioelectromagnetics. 2012;33(4):320-5.
AS20: user is free to select all these three items or just one of them or maybe two of them. | DK20: 1.08 | DL20: =DK20*(10^(-3.7/10)) -> 0.46070588 | EG20: 1.18 | IM20: Paljanos A, Miclăuș S, Bechet P, Munteanu C. Assessment of mobile phone user exposure to UMTS and LTE signals: comparative near-field radiated power levels for various data and voice application services. Journal of Electromagnetic Waves and Applications. 2016;30(9):1101-15.
AS21: if user did not select any item, consider default values (0.333, 0.333, 0.333) | CT21: =SUM(CT13:CW13) -> 1 | DD21: 189 | DE21: =DD5*(10^(-4.3/10)) -> 139.27675 | DF21: 1778 | DG21: =DF5*(10^(-4.3/10)) -> 476.12815 | DH21: 1778 | DI21: =DH5*(10^(-4.3/10)) -> 509.46149 | DK21: 0.03 | DL21: =DK21*(10^(-3.7/10)) -> 0.012797386 | DM21: 2.03 | DN21: =DM21*(10^(-3.7/10)) -> 0.86595642 | DO21: 6.2 | DP21: =DO21*(10^(-3.7/10)) -> 2.644793 | IM21: Popović M, Koprivica M, Milinković J, Nešković A. Experimental analysis of individual EMF exposure for GSM/UMTS/WLAN user devices. Annals of Telecommunications. 2019 Feb 1;74:79-91. | IN21: skype voce call, mean value of three signal qualities good medium bad
DA22: sam as pure 5G | DG22: 4.3 dB factor indoor-outdoor | DI22: 4.3 dB factor indoor-outdoor | DL22: 3.7 dB factor indoor-outdoor | DN22: 3.7 dB factor indoor-outdoor | DP22: 3.7 dB factor indoor-outdoor | IM22: Bürgi A, Frei P, Theis G, Mohler E, Braun‐Fahrländer C, Fröhlich J, Neubauer G, Egger M, Röösli M. A model for radiofrequency electromagnetic field predictions at outdoor and indoor locations in the context of epidemiological research. Bioelectromagnetics: Journal of the Bioelectromagnetics Society, The Society for Physical Regulation in Biology and Medicine, The European Bioelectromagnetics Association. 2010 Apr;31(3):226-36.
AS23: if user select one items, it means 100% or 1 for that item and ziro value for the rest (1, 0, 0).considering this numbers atr important because they multipled in other boxes and have effect on other cells. If user select two, it means 50% (0.5) and 50% (0.5) for example for pocket and far | CV23: =SUM(CV15:CW15) -> 0.96 | IM23: Joshi P, Colombi D, Thors B, Larsson LE, Törnevik C. Output Power Levels of 4G User Equipment and Implications on Realistic RF EMF Exposure Assessments. IEEE Access. 2017;5:4545-50.
CV24: =SUM(CV16:CW16) -> 0.99 | IM24: Joshi P, Ghasemifard F, Colombi D, Törnevik C. Actual output power levels of user equipment in 5G commercial networks and implications on realistic RF EMF exposure assessment. IEEE Access. 2020;8:204068-75.
IM25: Joseph W, Pareit D, Vermeeren G, Naudts D, Verloock L, Martens L, et al. Determination of the duty cycle of WLAN for realistic radio frequency electromagnetic field exposure assessment. Prog Biophys Mol Biol. 2013;111(1):30-6.
IM26: van Wel L, Liorni I, Huss A, Thielens A, Wiart J, Joseph W, et al. Radio-frequency electromagnetic field exposure and contribution of sources in the general population: an organ-specific integrative exposure assessment. J Expo Sci Environ Epidemiol. 2021;31(6):999-1007.
IM27: Joseph W, Pareit D, Vermeeren G, Naudts D, Verloock L, Martens L, et al. Determination of the duty cycle of WLAN for realistic radio frequency electromagnetic field exposure assessment. Prog Biophys Mol Biol. 2013;111(1):30-6.
IN28: these data has been extracted from graph with estimaation of median value
IM29: Popović M, Koprivica M, Milinković J, Nešković A. Experimental analysis of individual EMF exposure for GSM/UMTS/WLAN user devices. Annals of Telecommunications. 2019 Feb 1;74:79-91.
EG30: 0.03 | EH30: =EG5*(10^(-3.7/10)) -> 0.25808061 | EI30: 2.04 | EJ30: =EI30*(10^(-3.7/10)) -> 0.87022222 | EK30: 6.28 | EL30: =EK30*(10^(-3.7/10)) -> 2.6789194 | FG30: 0.979 | FH30: 0.4592 | IM30: Popović M, Koprivica M, Milinković J, Nešković A. Experimental analysis of individual EMF exposure for GSM/UMTS/WLAN user devices. Annals of Telecommunications. 2019 Feb 1;74:79-91. | IN30: good UMTS 2100 connection
EH31: 3.7 dB damping factor indoor-outdoor | EJ31: 3.7 dB damping factor indoor-outdoor | EL31: 3.7 dB damping factor indoor-outdoor | EM31: same as outdoor | FG31: 0.9441 | FH31: 0.4633 | IM31: Popović M, Koprivica M, Milinković J, Nešković A. Experimental analysis of individual EMF exposure for GSM/UMTS/WLAN user devices. Annals of Telecommunications. 2019 Feb 1;74:79-91. | IN31: medium UMTS 2100 connection
DR32: Nekane data | DY32: Nekane data | FG32: 0.994 | FH32: 0.7112 | IM32: Popović M, Koprivica M, Milinković J, Nešković A. Experimental analysis of individual EMF exposure for GSM/UMTS/WLAN user devices. Annals of Telecommunications. 2019 Feb 1;74:79-91. | IN32: bad UMTS 2100 connection
Q33: SAR | FE33: 0.12 | FG33: 1 | IM33: Calderón C, Castano-Vinyals G, Maslanyj M, Wiart J, Lee AK, Taki M, Wake K, Abert A, Badia F, Hadjem A, Kromhout H. Estimation of RF and ELF dose by anatomical location in the brain from wireless phones in the MOBI-Kids study. Environment international. 2022 May 1;163:107189.
S34: Brain | Y34: WB | AE34: Brain | AF34: WB | DJ34: 61 | FE34: 0.12 | IM34: Vrijheid M, Mann S, Vecchia P, Wiart J, Taki M, Ardoino L, Armstrong BK, Auvinen A, Bédard D, Berg-Beckhoff G, Brown J. Determinants of mobile phone output power in a multinational study: implications for exposure assessment. Occupational and environmental medicine. 2009 Oct 1;66(10):664-71.
S35: Ear | T35: agregated_phone_position_(during headset use) | U35: front of face | V35: pocket | W35: Far | X35: speaker(front of mouth) | Y35: Ear | Z35: agregated_phone_position_(during headset use) | AA35: front of face | AB35: pocket | AC35: Far | AD35: speaker(front of mouth) | AE35: weighted_total | AF35: weighted_total | AJ35: 0.03907704 | AK35: 0.0068410157 | DJ35: 161
Q36: Call_SAR | R36: 2G (900, 1800) | S36: =SUMPRODUCT($FP$13:$FV$13,FW5:GC5) -> 0.080977377 | T36: =$AS$5*U36+$AT$5*V36+$AU$5*W36 -> 0.0013671032 | U36: =SUMPRODUCT($FP$13:$FV$13,GR5:GX5) -> 0.0041017675 | V36: =SUMPRODUCT($FP$13:$FV$13,GK5:GQ5) -> 3.6474719e-06 | W36: 0 | X36: =SUMPRODUCT($FP$13:$FV$13,GD5:GJ5) -> 0.0072587091 | Y36: =SUMPRODUCT($FP$13:$FV$13,GY5:HE5) -> 0.011696558 | Z36: =$AS$5*AA36+$AT$5*AB36+$AU$5*AC36 -> 0.0036476698 | AA36: =SUMPRODUCT($FP$13:$FV$13,HT5:HZ5) -> 0.0010726152 | AB36: =SUMPRODUCT($FP$13:$FV$13,HM5:HS5) -> 0.0098813483 | AC36: 0 | AD36: =SUMPRODUCT($FP$13:$FV$13,HF5:HL5) -> 0.0023081272 | AE36: =$AQ$5*S36+$AR$5*T36+$AV$5*X36 -> 0.038915611 | AF36: =$AQ$5*Y36+$AR$5*Z36+$AV$5*AD36 -> 0.0068193806 | AJ36: 0.036748705 | AK36: 0.0066566705 | DK36: 1.7 | DL36: 0.2 | DN36: 0.4 | DQ36: 0.15 | IM36: Gati A, Hadjem A, Wong MF, Wiart J. Exposure induced by WCDMA mobiles phones in operating networks. IEEE Transactions on wireless communications. 2009 Dec 11;8(12):5723-7.
R37: 3G (900, 2100) | S37: =SUMPRODUCT($FP$14:$FV$14,FW5:GC5) -> 0.076177772 | T37: =$AS$5*U37+$AT$5*V37+$AU$5*W37 -> 0.0012757832 | U37: =SUMPRODUCT($FP$14:$FV$14,GR5:GX5) -> 0.0038276323 | V37: =SUMPRODUCT($FP$14:$FV$14,GK5:GQ5) -> 3.5484087e-06 | W37: 0 | X37: =SUMPRODUCT($FP$14:$FV$14,GD5:GJ5) -> 0.0067977406 | Y37: =SUMPRODUCT($FP$14:$FV$14,GY5:HE5) -> 0.011423966 | Z37: =$AS$5*AA37+$AT$5*AB37+$AU$5*AC37 -> 0.0034955572 | AA37: =SUMPRODUCT($FP$14:$FV$14,HT5:HZ5) -> 0.0010617191 | AB37: =SUMPRODUCT($FP$14:$FV$14,HM5:HS5) -> 0.0094354496 | AC37: 0 | AD37: =SUMPRODUCT($FP$14:$FV$14,HF5:HL5) -> 0.0022247114 | AE37: =$AQ$5*S37+$AR$5*T37+$AV$5*X37 -> 0.036596764 | AF37: =$AQ$5*Y37+$AR$5*Z37+$AV$5*AD37 -> 0.0066354928 | AJ37: 0.036128107 | AK37: 0.0066503266 | DJ37: 40.7 | DQ37: 1.72 | IM37: Kelsh MA, Shum M, Sheppard AR, Mcneely M, Kuster N, Lau E, Weidling R, Fordyce T, Kühn S, Sulser C. Measured radiofrequency exposure during various mobile-phone use scenarios. Journal of Exposure Science & Environmental Epidemiology. 2011 Jul;21(4):343-54.
R38: 4G ( 700 to 2600) | S38: =SUMPRODUCT($FP$15:$FV$15,FW5:GC5) -> 0.075016093 | T38: =$AS$5*U38+$AT$5*V38+$AU$5*W38 -> 0.001200065 | U38: =SUMPRODUCT($FP$15:$FV$15,GR5:GX5) -> 0.0035994191 | V38: =SUMPRODUCT($FP$15:$FV$15,GK5:GQ5) -> 4.3796059e-06 | W38: 0 | X38: =SUMPRODUCT($FP$15:$FV$15,GD5:GJ5) -> 0.0065464082 | Y38: =SUMPRODUCT($FP$15:$FV$15,GY5:HE5) -> 0.011416455 | Z38: =$AS$5*AA38+$AT$5*AB38+$AU$5*AC38 -> 0.0034733674 | AA38: =SUMPRODUCT($FP$15:$FV$15,HT5:HZ5) -> 0.0010361509 | AB38: =SUMPRODUCT($FP$15:$FV$15,HM5:HS5) -> 0.009394382 | AC38: 0 | AD38: =SUMPRODUCT($FP$15:$FV$15,HF5:HL5) -> 0.0022313982 | AE38: =$AQ$5*S38+$AR$5*T38+$AV$5*X38 -> 0.035978107 | AF38: =$AQ$5*Y38+$AR$5*Z38+$AV$5*AD38 -> 0.0066291954 | AJ38: 0.0028501102 | AK38: 0.0058640449 | DJ38: 34.35 | IM38: Kelsh MA, Shum M, Sheppard AR, Mcneely M, Kuster N, Lau E, Weidling R, Fordyce T, Kühn S, Sulser C. Measured radiofrequency exposure during various mobile-phone use scenarios. Journal of Exposure Science & Environmental Epidemiology. 2011 Jul;21(4):343-54.
R39: 5G (3500) | S39: =GC5 -> 0.0055389929 | T39: =$AS$5*U39+$AT$5*V39+$AU$5*W39 -> 0.00022368506 | U39: =GX5 -> 0.00067149569 | V39: =GQ5 -> 2.3122642e-07 | W39: 0 | X39: =GJ5 -> 0.00095661199 | Y39: =HE5 -> 0.0093079113 | Z39: =$AS$5*AA39+$AT$5*AB39+$AU$5*AC39 -> 0.0016019779 | AA39: =HZ5 -> 0.0007262761 | AB39: =HS5 -> 0.0040844685 | AC39: 0 | AD39: =HS5 -> 0.0040844685 | AE39: =$AQ$5*S39+$AR$5*T39+$AV$5*X39 -> 0.0028402645 | AF39: =$AQ$5*Y39+$AR$5*Z39+$AV$5*AD39 -> 0.00585367 | AJ39: 0.012611403 | AK39: 0.0056211952
R40: WiFi 2.4 GHz | AE40: =$AQ$5*BI5+$AR$5*BJ5+$AV$5*BN5 -> 0.012555857 | AF40: =$AQ$5*BO5+$AR$5*BP5+$AV$5*BT5 -> 0.0056024498 | AJ40: 0.00059909692 | AK40: 0.003581048
R41: WiFi 5 GHz | AE41: =$AQ$5*BU5+$AR$5*BV5+$AV$5*BZ5 -> 0.00059763416 | AF41: =$AQ$5*CA5+$AR$5*CB5+$AV$5*CF5 -> 0.0035694332
Q42: Outputpower | IM42: Joshi P, Agrawal M, Thors B, Colombi D, Kumar A, Törnevik C. Power level distributions of radio base station equipment and user devices in a 3G mobile communication network in India and the impact on assessments of realistic RF EMF exposure. IEEE Access. 2015 Jul 7;3:1051-9.
S43: Native_call | T43: data_call | U43: WiFi_call | FM43: 0.008 | IM43: Joseph W, Pareit D, Vermeeren G, Naudts D, Verloock L, Martens L, et al. Determination of the duty cycle of WLAN for realistic radio frequency electromagnetic field exposure assessment. Prog Biophys Mol Biol. 2013;111(1):30-6.
Q44: Output power | R44: 2G | S44: =((Farfield!$N$5+Farfield!$P$5)*DF5+Farfield!$O$5*DG5+Farfield!$Q$5*DJ5)*FE5 -> 142.49923 | T44: 0 | V44: DC*∑ environment prob*power | FM44: 0.031 | IM44: Joseph W, Pareit D, Vermeeren G, Naudts D, Verloock L, Martens L, et al. Determination of the duty cycle of WLAN for realistic radio frequency electromagnetic field exposure assessment. Prog Biophys Mol Biol. 2013;111(1):30-6.
R45: 3G | S45: =((Farfield!$N$5+Farfield!$P$5)*DM5+Farfield!$O$5*DN5+Farfield!$Q$5*DQ5)*FG5 -> 1.8446286 | T45: =((Farfield!$N$5+Farfield!$P$5)*EI5+Farfield!$O$5*EJ5+Farfield!$Q$5*EM5)*FH5 -> 1.0441778 | AJ45: 0.03907704 | AK45: 0.036748705 | AL45: 0.036128107 | AM45: 0.0028501102 | AN45: 0.012611403 | AO45: 0.00059909692
R46: 4G | S46: =((Farfield!$N$5+Farfield!$P$5)*DT5+Farfield!$O$5*DU5+Farfield!$Q$5*DX5)*FI5 -> 6.6325021 | T46: =((Farfield!$N$5+Farfield!$P$5)*EP5+Farfield!$O$5*EQ5+Farfield!$Q$5*ET5)*FJ5 -> 4.2838527 | AJ46: 0.0068410157 | AK46: 0.0066566705 | AL46: 0.0066503266 | AM46: 0.0058640449 | AN46: 0.0056211952 | AO46: 0.003581048
R47: 5G | S47: =((Farfield!$N$5+Farfield!$P$5)*EA5+Farfield!$O$5*EB5+Farfield!$Q$5*EE5)*FK5 -> 0 | T47: =((Farfield!$N$5+Farfield!$P$5)*EW5+Farfield!$O$5*EX5+Farfield!$Q$5*FA5)*FL5 -> 2.4669862 | CU47: =SUM(CT5:CW5) -> 1 | FM47: 0.0222 | IM47: Popović M, Koprivica M, Milinković J, Nešković A. Experimental analysis of individual EMF exposure for GSM/UMTS/WLAN user devices. Annals of Telecommunications. 2019 Feb 1;74:79-91.
R48: WiFi 2.4 GHz | U48: =FM5*FB5 -> 2.738
R49: WiFi 5 GHz | U49: =FN5*FC5 -> 9.86 | FM49: 0.0302 | IM49: Popović M, Koprivica M, Milinković J, Nešković A. Experimental analysis of individual EMF exposure for GSM/UMTS/WLAN user devices. Annals of Telecommunications. 2019 Feb 1;74:79-91.
Q50: Momentary SAR | AJ50: 0.0038276323 | AK50: 0.0010617191 | FM50: 0.0455 | IM50: Popović M, Koprivica M, Milinković J, Nešković A. Experimental analysis of individual EMF exposure for GSM/UMTS/WLAN user devices. Annals of Telecommunications. 2019 Feb 1;74:79-91.
S51: Native_call_brain | T51: data_call_brain | U51: WiFi_call_brain | V51: Native_call_WB | W51: data_call_WB | X51: WiFi_call_WB | AJ51: 0.0035994191 | AK51: 0.0010361509 | EM51: suburban outdoor | ET51: suburban outdoor | FA51: suburban outdoor | FN51: voice call
Q52: momentary_SAR | R52: 2G | S52: =AE36*S44 -> 5.5454447 | T52: 0 | V52: =AF36*S44 -> 0.97175652 | W52: =AF36*T44 -> 0 | AJ52: 0.00067149569 | AK52: 0.0007262761 | FM52: poor | FN52: 0.0459 | IM52: poor and good wifi 5 GHz connection dc average; A Survey of IEEE 802.11ax WLAN Temporal Duty Cycle for the Assessment of RF Electromagnetic Exposure Yizhen Yang 1,* , Günter Vermeeren 1 , Leen Verloock 1 , Mònica Guxens 2,3,4,5,6 and Wout Joseph 1,*
R53: 3G | S53: =AE37*S45 -> 0.067507437 | T53: =T45*AE37 -> 0.03821353 | V53: =AF37*S45 -> 0.01224002 | W53: =AF37*T45 -> 0.0069286346 | FM53: good | FN53: 0.0377
R54: 4G | S54: =AE38*S46 -> 0.23862487 | T54: =T46*AE38 -> 0.15412491 | V54: =AF38*S46 -> 0.043968153 | W54: =AF38*T46 -> 0.028398497 | FM54: 20MHz | FN54: 0.0523
R55: 5G | S55: =AE38*S47 -> 0 | T55: =T47*AE39 -> 0.0070068933 | V55: =AF38*S47 -> 0 | W55: =AF39*T47 -> 0.014440923 | AJ55: 0.0038276323 | AK55: 0.0035994191 | AL55: 0.00067149569 | FM55: 80MHz | FN55: 0.0613
R56: Weighted_total SAR | S56: =(S52*CT5+S53*CU5+S54*CV5+S55*CW5) -> 0.27543147 | T56: =(T52*CX5+T53*CY5+T54*CZ5+T55*DA5) -> 0.1046509 | U56: =DB5*U48*AE40+DC5*U49*AE41 -> 0.022414125 | V56: =V52*CT5+V53*CU5+V54*CV5+V55*CW5 -> 0.050371323 | W56: =(W52*CX5+W53*CY5+W54*CZ5+W55*DA5) -> 0.023521457 | X56: =DB5*U48*AF40+DC5*U49*AF41 -> 0.023678651 | AJ56: 0.0010617191 | AK56: 0.0010361509 | AL56: 0.0007262761
Q57: Dose calculation
Q58: Sources dose | S58: =S56*J5*CG5 -> 295.63361 | T58: =T56*J5*CH5 -> 18.516833 | U58: =U56*J5*CI5 -> 6.3446967 | V58: =V56*J5*CG5 -> 54.065921 | W58: =W56*J5*CH5 -> 4.1618647 | X58: =X56*J5*CI5 -> 6.7026422 | DE58: with considering DC
Q59: Brain dose | R59: =SUM(S58:U58) -> 320.49514 | DE59: 25 | DG59: 35 | DI59: 43 | IM59: Kelsh MA, Shum M, Sheppard AR, Mcneely M, Kuster N, Lau E, Weidling R, Fordyce T, Kühn S, Sulser C. Measured radiofrequency exposure during various mobile-phone use scenarios. Journal of Exposure Science & Environmental Epidemiology. 2011 Jul;21(4):343-54.
Q60: WB dose | R60: =SUM(V58:X58) -> 64.930428 | CW60: =power/duty cycle | DE60: =DE59/0.12 -> 208.33333 | DG60: =DG59/0.12 -> 291.66667 | DI60: =DI59/0.12 -> 358.33333
CW61: =power*(10^(4.3/10)) | DD61: =DE60*(10^(4.3/10)) -> 560.73642 | DF61: =DG60*(10^(4.3/10)) -> 785.03098 | DH61: =DI60*(10^(4.3/10)) -> 964.46664
DK62: 1.07 | DL62: 0.2 | IM62: Jovanovic D, Bragard G, Picard D, Chauvin S. Mobile telephones: A comparison of radiated power between 3G VoIP calls and 3G VoCS calls. Journal of Exposure Science & Environmental Epidemiology. 2015 Jan;25(1):80-3.
FB63: 100 | FC63: 200 | IM63: Broadband Radio Access Networks (BRAN); 5 GHz high performance RLAN; Harmonized EN covering the essential requirements of article 3.2 of the R&TTE Directive

Sheet MobileData
B1: Total_dose_mobile_data | D1: Duration_total | E1: connection mode_transmitter_weighted_m_SAR | G1: transmitter_weighted_m_SAR | U1: transmitter_position_weighted_SAR | AF1: SAR_wifi | AJ1: Connectivity_mode | AL1: technology_contribution | AO1: technology_power | AR1: Wifi_contribution | AT1: Wifi_power | AV1: duration_data_transfer | AZ1: online activity contribution | BD1: 3G_duty_cycle | BH1: 4G_duty_cycle | BL1: 5G_duty_cycle | BP1: wifi2_duty_cycle | BT1: wifi5_duty_cycle | BX1: high_data_outputpower__mW | CU1: nSAR_belly
B2: mJ/kg/day | D2: second | G2: mobile_data | P2: WiFi | U2: mobile_data | AA2: WiFi | AE2: front_of_face | AF2: W/kg/W | AJ2: proportion | AL2: proportion | AO2: mW | AR2: proportion | AT2: mW | AV2: second | BX2: 3G | CE2: 4G | CL2: 5G | CS2: wifi
E3: brain | F3: wb | G3: brain | K3: WB | O3: brain | R3: WB | U3: brain | X3: WB | AA3: brain | AC3: WB | AF3: brain | AH3: WB | AJ3: data | AK3: wifi | AL3: 3G | AM3: 4G | AN3: 5G | AO3: 3G | AP3: 4G | AQ3: 5G | AR3: wifi2 | AS3: wifi5 | AT3: wifi2 | AU3: wifi5 | BX3: urban | BZ3: suburban | CB3: rural | CD3: traveling | CE3: urban | CG3: suburban | CI3: rural | CK3: traveling | CL3: urban | CN3: suburban | CP3: rural | CR3: traveling | CS3: wifi2 | CT3: wifi5 | CU3: brain | DD3: WB | DM3: Reference | DN3: Remarks
A4: variable | B4: brain | C4: WB | G4: total | H4: 3G | I4: 4G | J4: 5G | K4: total | L4: 3G | M4: 4G | N4: 5G | O4: total | P4: wifi2 | Q4: wifi5 | R4: total | S4: wifi2 | T4: wifi5 | U4: 3G | V4: 4G | W4: 5G | X4: 3G | Y4: 4G | Z4: 5G | AA4: wifi2 | AB4: wifi5 | AC4: wifi2 | AD4: wifi5 | AF4: wifi2 | AG4: wifi5 | AH4: wifi2 | AI4: wifi5 | AV4: browsing | AW4: audio | AX4: video | AY4: upload | AZ4: brwosing | BA4: voice | BB4: video | BC4: upload | BD4: brwosing | BE4: voice | BF4: video | BG4: upload | BH4: brwosing | BI4: voice | BJ4: video | BK4: upload | BL4: brwosing | BM4: voice | BN4: video | BO4: upload | BP4: brwosing | BQ4: voice | BR4: video | BS4: upload | BT4: brwosing | BU4: voice | BV4: video | BW4: upload | BX4: indoor | BY4: outdoor | BZ4: indoor | CA4: outdoor | CB4: indoor | CC4: outdoor | CE4: indoor | CF4: outdoor | CG4: indoor | CH4: outdoor | CI4: indoor | CJ4: outdoor | CL4: indoor | CM4: outdoor | CN4: indoor | CO4: outdoor | CP4: indoor | CQ4: outdoor | CU4: 700 | CV4: 800 | CW4: 900 | CX4: 1800 | CY4: 2100 | CZ4: 2400 | DA4: 2600 | DB4: 3500 | DC4: 5000 | DD4: 700 | DE4: 800 | DF4: 900 | DG4: 1800 | DH4: 2100 | DI4: 2400 | DJ4: 2600 | DK4: 3500 | DL4: 5000
A5: Summary | B5: =D5*E5 -> 146.94671 | C5: =D5*F5 -> 78.687031 | D5: =SUM(AV5:AY5) -> 14557.005 | E5: =G5*AJ5+O5*AK5 -> 0.01009457 | F5: =K5*AJ5+R5*AK5 -> 0.0054054411 | G5: =H5*AL5+I5*AM5+J5*AN5 -> 0.017927726 | H5: =U5*AO5 -> 0.20552639 | I5: =V5*AP5 -> 0.020097394 | J5: =W5*AQ5 -> 0.0033077029 | K5: =L5*AL5+M5*AM5+N5*AN5 -> 0.0059697609 | L5: =X5*AO5 -> 0.057009472 | M5: =Y5*AP5 -> 0.0057853593 | N5: =Z5*AQ5 -> 0.0035775443 | O5: =AR5*P5+AS5*Q5 -> 0.0051982319 | P5: =AT5*AA5 -> 0.0070834841 | Q5: =AU5*AB5 -> 0.0025947884 | R5: =AR5*S5+AS5*T5 -> 0.0050526968 | S5: =AC5*AT5 -> 0.0054614369 | T5: =AU5*AD5 -> 0.0044882463 | U5: =P77*AE5 -> 0.0038276323 | V5: =P78*AE5 -> 0.0035994191 | W5: =P79*AE5 -> 0.00067149569 | X5: =S77*AE5 -> 0.0010617191 | Y5: =S78*AE5 -> 0.0010361509 | Z5: =S79*AE5 -> 0.0007262761 | AA5: =P80*AE5 -> 0.0011194632 | AB5: =P81*AE5 -> 0.00032007162 | AC5: =S80*AE5 -> 0.00086311725 | AD5: =S81*AE5 -> 0.00055363292 | AE5: 1 | AF5: =MobileCall!BK5 -> 0.0011194632 | AG5: =MobileCall!BW5 -> 0.00032007162 | AH5: =MobileCall!BQ5 -> 0.00086311725 | AI5: =MobileCall!CC5 -> 0.00055363292 | AJ5: =MobileCall!IC5 -> 0.38464516 | AK5: =MobileCall!ID5 -> 0.61535484 | AL5: =MobileCall!CY5 -> 0.0175 | AM5: =MobileCall!CZ5 -> 0.66 | AN5: =MobileCall!DA5 -> 0.3225 | AO5: =((Farfield!N5+Farfield!P5)*( AZ5*BD5*BZ5+BA5*BE5*BZ5+BB5*BF5*BZ5+BC5*BG5*BZ5))+ (Farfield!O5* (AZ5*BD5*CA5+BA5*BE5*CA5+BB5*BF5*CA5+BC5*BG5*CA5))+ (Farfield!Q5*(AZ5*BD5*CD5+BA5*BE5*CD5+BB5*BF5*CD5+BC5*BG5*CD5)) -> 53.695438 | AP5: =((Farfield!N5+Farfield!P5)*( AZ5*BH5*CG5+BA5*BI5*CG5+BB5*BJ5*CG5+BC5*BK5*CG5))+ (Farfield!O5* (AZ5*BH5*CH5+BA5*BI5*CH5+BB5*BJ5*CH5+BC5*BK5*CH5))+ (Farfield!Q5*(AZ5*BH5*CK5+BA5*BI5*CK5+BB5*BJ5*CK5+BC5*BK5*CK5)) -> 5.5835105 | AQ5: =((Farfield!N5+Farfield!P5)*( AZ5*BL5*CN5+BA5*BM5*CN5+BB5*BN5*CN5+BC5*BO5*CN5))+ (Farfield!O5* ( AZ5*BL5*CO5+BA5*BM5*CO5+BB5*BN5*CO5+BC5*BO5*CO5))+ (Farfield!Q5*(AZ5*BL5*CR5+BA5*BM5*CR5+BB5*BN5*CR5+BC5*BO5*CR5)) -> 4.9258736 | AR5: =MobileCall!DB5 -> 0.58 | AS5: =MobileCall!DC5 -> 0.42 | AT5: =(AZ5*BP5*CS5+BA5*BQ5*CS5+BB5*BR5*CS5+BC5*BS5*CS5) -> 6.3275724 | AU5: =(AZ5*BT5*CT5+BA5*BU5*CT5+BB5*BV5*CT5+BC5*BW5*CT5) -> 8.1068992 | AV5: =[1]Sheet1!$B$13 -> 3989.3181 | AW5: =[1]Sheet1!$B$14 -> 4916.9717 | AX5: =[1]Sheet1!$B$15 -> 5650.7148 | AY5: 0 | AZ5: =AV5/D5 -> 0.27404801 | BA5: =AW5/D5 -> 0.33777359 | BB5: =AX5/D5 -> 0.3881784 | BC5: =AY5/D5 -> 0 | BD5: 0.438 | BE5: 0.505 | BF5: 0.542 | BG5: 0.783 | BH5: =BI5/10 -> 0.00556125 | BI5: =AVERAGE(BI18,BI23) -> 0.0556125 | BJ5: =AVERAGE(BJ18,BJ23) -> 0.1344125 | BK5: 1 | BL5: =BM5/10 -> 0.00514 | BM5: =AVERAGE(BM18,BM23) -> 0.0514 | BN5: =AVERAGE(BN18,BN23) -> 0.2160375 | BO5: 1 | BP5: =AVERAGE(BP27:BP31) -> 0.0086 | BQ5: =AVERAGE(BQ20:BQ30) -> 0.02201 | BR5: =BR58 -> 0.13778333 | BS5: =AVERAGE(BS26:BS31) -> 0.67064 | BT5: =AVERAGE(BT34:BT37) -> 0.024275 | BU5: =AVERAGE(BU34:BU45) -> 0.038625 | BV5: =AVERAGE(BV34:BV49) -> 0.053675 | BW5: =AVERAGE(BW34:BW37) -> 0.494775 | BX5: =10^(2.64/10) -> 1.8365383 | BY5: =BX5*(10^(-3.7/10)) -> 0.78342964 | BZ5: =10^(20.57/10) -> 114.02498 | CA5: =BZ5*(10^(-3.7/10)) -> 48.640721 | CB5: =10^(CB30/10) -> 167.10906 | CC5: =CB5*(10^(-3.7/10)) -> 71.285303 | CD5: 48.64 | CE5: =MobileCall!EN5 -> 64.105638 | CF5: =MobileCall!EO5 -> 54.479069 | CG5: =MobileCall!EP5 -> 77.898518 | CH5: =MobileCall!EQ5 -> 68.405662 | CI5: =MobileCall!ER5 -> 91.691398 | CJ5: =MobileCall!ES5 -> 82.332255 | CK5: =MobileCall!ET5 -> 74.3 | CL5: =MobileCall!EU5 -> 46.35 | ... CT5: =MobileCall!FC5 -> 200 | CU5: 3.3334105e-05 | CV5: 2.4300659e-05 | CW5: 1.6262291e-05 | CX5: 1.9669471e-06 | CY5: 1.3806738e-06 | CZ5: 4.7510979e-07 | DA5: 4.1307496e-07 | DB5: 1.6677806e-07 | DC5: 2.1402708e-08 | DD5: 0.01265673 | DE5: 0.012442919 | DF5: 0.012197826 | DG5: 0.012356118 | DH5: 0.0093095822 | DI5: 0.010153247 | DJ5: 0.0071090368 | DK5: 0.0047746416 | DL5: 0.0026463741
A6: user_inputs
A7: single data | D7: 47 | DM7: Young people spend a lot of time on their smartphones every day
D8: 59.6 | AV8: I considered 50-50 for data activities with high and low data transfer. If the user changes this, | DM8: Smartphone Usage Statistics for 2025 (Surprising)
D9: 146 | AF9: cell addressed to a another cell | AG9: cell addressed to a another cell | AH9: cell addressed to a another cell | AI9: cell addressed to a another cell | DM9: Statista. DIGITAL & TRENDS: Mobile internet usage in Europe. 2022.
D10: 56 | AV10: important point | CD10: I USED SUBURBAN OUTDOOR HERE BECAUSE I DID NOT FIND VALUE FOR THIS SCENARIO | DM10: Aktuelle Aspekte der Internetnutzung in Deutschland ARD/ZDF-Onlinestudie: Weitergehende Normalisierung der Internetnutzung nach Wegfall aller Corona-Schutzmaßnahmen Von Natalie Beisch* und Wolfgang Koch*
AV11: if user changes the time durations for low or high, the total duration (D5) will be sum up of these two low and high durations | BH11: new number | BI11: new number | BJ11: new number | BK11: new number | BL11: new number | BM11: new number | BN11: new number | BO11: new number | DM11: Basic Data Children and Media 2024 Current surveys and research on media use among children in Germany Compiled by
DM12: Basic Data Adolescents and Media 2024 Current surveys and research on media use among Adolescents in Germany Compiled by Heike vom Orde (IZI) and Dr. Alexandra Durner
AP13: WHY THI IS HIGH? BECAUSE WE SPENT MORE TIME INDOOR
DM14: while there is no data call/activity on 2G, 4% and 2% network removed and added to other technologies
B15: D5*E5*G5 | C15: D5*G5*F5 | DM15: while there is no data call/activity on 2G, 4% and 2% network removed and added to other technologies
BR16: 0.019 | DM16: Paljanos A, Miclăuș S, Bechet P, Munteanu C. Assessment of mobile phone user exposure to UMTS and LTE signals: comparative near-field radiated power levels for various data and voice application services. Journal of Electromagnetic Waves and Applications. 2016;30(9):1101-15.
D17: for default value, D5 is an average of internet activies. Addtionally we assumed that this activity is 50-50 low and high data transfer | BH17: 1/10 of voice | BI17: Nekane data | BJ17: Nekane data | BK17: average of Nekane and Bram data | BL17: 1/10 of voice | BM17: Nekane data | BN17: Nekane data | BO17: average of Nekane and Bram data | BR17: 0.0196
D18: The default value is 4629. but if the user change the sliders, please sum up the slider values and consider it as Duration (D5 cell) | BI18: 0.085 | BJ18: 0.208 | BK18: a | BM18: 0.048 | BN18: 0.347 | BR18: 0.0351
BJ19: Nekane data | BK19: 0.767 | BO19: 0.397939 | BR19: 0.0877 | BT19: NEW NUMBERS | BU19: NEW NUMBERS | BV19: NEW NUMBERS | BW19: NEW NUMBERS | DM19: Persson T, Törnevik C, Larsson LE, Lovén J. Output power distributions of terminals in a 3G mobile communication network. Bioelectromagnetics. 2012;33(4):320-5.
BJ20: Bram | BK20: 0.722 | BO20: 0.404 | BQ20: 0.0013 | BR20: 0.1341
BD21: =AVERAGE(BD22:BD24) -> 43.8 | BQ21: 0.067 | BR21: 0.2032
BD22: 49.17 | BJ22: average | BK22: =AVERAGE(BK19:BK20) -> 0.7445 | BO22: =AVERAGE(BO19:BO20) -> 0.4009695 | BQ22: 0.008
BD23: 50.74 | BH23: bram | BI23: =MobileCall!FJ15 -> 0.026225 | BJ23: =AVERAGE(5.22,4.06,14.19,0.86)/100 -> 0.060825 | BM23: =MobileCall!FL15 -> 0.0548 | BN23: =AVERAGE(4.64,2.2,10.7,16.49)/100 -> 0.085075 | BQ23: 0.031 | DM23: Joseph W, Pareit D, Vermeeren G, Naudts D, Verloock L, Martens L, et al. Determination of the duty cycle of WLAN for realistic radio frequency electromagnetic field exposure assessment. Prog Biophys Mol Biol. 2013;111(1):30-6.
BD24: 31.49 | BR24: 0.0108 | DM24: Joseph W, Pareit D, Vermeeren G, Naudts D, Verloock L, Martens L, et al. Determination of the duty cycle of WLAN for realistic radio frequency electromagnetic field exposure assessment. Prog Biophys Mol Biol. 2013;111(1):30-6.
BQ25: 0.0222 | BR25: 0.0235 | DM25: Joseph W, Pareit D, Vermeeren G, Naudts D, Verloock L, Martens L, et al. Determination of the duty cycle of WLAN for realistic radio frequency electromagnetic field exposure assessment. Prog Biophys Mol Biol. 2013;111(1):30-6.
BQ26: 0.0302 | BR26: 0.1069 | BS26: 0.4618 | DM26: Joseph W, Pareit D, Vermeeren G, Naudts D, Verloock L, Martens L, et al. Determination of the duty cycle of WLAN for realistic radio frequency electromagnetic field exposure assessment. Prog Biophys Mol Biol. 2013;111(1):30-6.
BP27: 0.0025 | BQ27: 0.0455 | BR27: 0.0542 | BS27: 0.8741 | DM27: Joseph W, Pareit D, Vermeeren G, Naudts D, Verloock L, Martens L, et al. Determination of the duty cycle of WLAN for realistic radio frequency electromagnetic field exposure assessment. Prog Biophys Mol Biol. 2013;111(1):30-6.
BE28: 0.15 | BP28: 0.0157 | BQ28: 0.004 | BR28: 0.1454 | DM28: Popović M, Koprivica M, Milinković J, Nešković A. Experimental analysis of individual EMF exposure for GSM/UMTS/WLAN user devices. Annals of Telecommunications. 2019 Feb 1;74:79-91.
BE29: 10 | BP29: 0.0089 | BQ29: 0.0053 | BR29: 0.8139 | BS29: 0.5681 | CF29: numbers rplaced here | DM29: Popović M, Koprivica M, Milinković J, Nešković A. Experimental analysis of individual EMF exposure for GSM/UMTS/WLAN user devices. Annals of Telecommunications. 2019 Feb 1;74:79-91.
BP30: 0.0068 | BQ30: 0.0056 | BS30: 0.7126 | BX30: 2.64 | BY30: damping factor of 3.7 dB | BZ30: 20.57 | CA30: damping factor of 3.7 dB | CB30: 22.23 | CC30: damping factor of 3.7 dB | DM30: Popović M, Koprivica M, Milinković J, Nešković A. Experimental analysis of individual EMF exposure for GSM/UMTS/WLAN user devices. Annals of Telecommunications. 2019 Feb 1;74:79-91.
BP31: 0.0091 | BS31: 0.7366 | DM31: Popović M, Koprivica M, Milinković J, Nešković A. Experimental analysis of individual EMF exposure for GSM/UMTS/WLAN user devices. Annals of Telecommunications. 2019 Feb 1;74:79-91.
DM32: Popović M, Koprivica M, Milinković J, Nešković A. Experimental analysis of individual EMF exposure for GSM/UMTS/WLAN user devices. Annals of Telecommunications. 2019 Feb 1;74:79-91.
BI33: =STDEVA(BI18,BI23) -> 0.041560201 | BJ33: =STDEVA(BJ18,BJ23) -> 0.10406844 | BK33: =STDEVA(BK18,BK23) -> #DIV/0! | BL33: =STDEVA(BL18,BL23) -> #DIV/0! | BM33: =STDEVA(BM18,BM23) -> 0.0048083261 | BN33: =STDEVA(BN18,BN23) -> 0.18520894 | BO33: =STDEVA(BO18,BO23) -> #DIV/0! | BP33: =STDEV(BP27:BP31) -> 0.0047749346 | BQ33: =STDEV(BQ20:BQ34) -> 0.010767451 | BR33: =STDEV(BR16:BR29) -> 0.22151114 | BS33: =STDEVA(BS26:BS31) -> 0.15940195 | BT33: =STDEVA(BT34:BT37) -> 0.017089446 | BU33: =STDEVA(BU34:BU45) -> 0.030956571 | BV33: =STDEVA(BV34:BV49) -> 0.04278929 | BW33: =STDEVA(BW34:BW37) -> 0.41422092
BT34: 0.02 | BU34: 0.0523 | BV34: 0.0525 | BW34: 0.9429 | DM34: Yang, Y., Vermeeren, G., Verloock, L., Guxens, M., & Joseph, W. (2025). A Survey of IEEE 802.11ax WLAN Temporal Duty Cycle for the Assessment of RF Electromagnetic Exposure. Applied Sciences, 15(5), 2858. https://doi.org/10.3390/app15052858
BT35: 0.016 | BU35: 0.0613 | BV35: 0.0432 | BW35: 0.744 | DM35: Yang, Y., Vermeeren, G., Verloock, L., Guxens, M., & Joseph, W. (2025). A Survey of IEEE 802.11ax WLAN Temporal Duty Cycle for the Assessment of RF Electromagnetic Exposure. Applied Sciences, 15(5), 2858. https://doi.org/10.3390/app15052859
BT36: 0.0494 | BU36: 0.0459 | BV36: 0.1899 | BW36: 0.0803 | DM36: Yang, Y., Vermeeren, G., Verloock, L., Guxens, M., & Joseph, W. (2025). A Survey of IEEE 802.11ax WLAN Temporal Duty Cycle for the Assessment of RF Electromagnetic Exposure. Applied Sciences, 15(5), 2858. https://doi.org/10.3390/app15052860
BT37: 0.0117 | BU37: 0.0377 | BV37: 0.031 | BW37: 0.2119 | DM37: Yang, Y., Vermeeren, G., Verloock, L., Guxens, M., & Joseph, W. (2025). A Survey of IEEE 802.11ax WLAN Temporal Duty Cycle for the Assessment of RF Electromagnetic Exposure. Applied Sciences, 15(5), 2858. https://doi.org/10.3390/app15052861
BU38: 0.0073 | BV38: 0.0118 | DM38: Yang, Y., Vermeeren, G., Verloock, L., Guxens, M., & Joseph, W. (2025). A Survey of IEEE 802.11ax WLAN Temporal Duty Cycle for the Assessment of RF Electromagnetic Exposure. Applied Sciences, 15(5), 2858. https://doi.org/10.3390/app15052862
BU39: 0.0081 | BV39: 0.0127 | DM39: Yang, Y., Vermeeren, G., Verloock, L., Guxens, M., & Joseph, W. (2025). A Survey of IEEE 802.11ax WLAN Temporal Duty Cycle for the Assessment of RF Electromagnetic Exposure. Applied Sciences, 15(5), 2858. https://doi.org/10.3390/app15052863
BU40: 0.1147 | BV40: 0.0388
BU41: 0.0072 | BV41: 0.0105
BP42: streamin | BQ42: 1.9 1.96 3.51 | BU42: 0.0282 | BV42: 0.0564
BU43: 0.027 | BV43: 0.0639
BU44: 0.0575 | BV44: 0.088
BP45: skype video | BQ45: 8.77 13.41 20.32 | BU45: 0.0163 | BV45: 0.0376
BV46: 0.078
BV47: 0.0547
BV48: 0.0602
BV49: 0.0296
BR58: =AVERAGE(BR16:BR29) -> 0.13778333
AO65: new calcuation | AP65: new calcuation | AQ65: new calcuation | AT65: new calcuation | AU65: new calcuation
AO67: the result same as before | AP67: the result same as before | AQ67: the result same as before | AT67: the result same as before | AU67: the result same as before
AV72: new column | AW72: new column | AX72: new column | AY72: new column
CU74: These values are for pocket. Needs to be updated by belly or calacute an average of belly and pocket etain and goliat
N75: brain | Q75: wb
N76: far | O76: belly | P76: front of face | Q76: far | R76: belly | S76: fof
M77: 3G | N77: 0 | O77: =MobileCall!FR14*CW5+MobileCall!FT14*CY5 -> 8.8214826e-06 | P77: =MobileCall!U37 -> 0.0038276323 | Q77: 0 | R77: =MobileCall!FR14*DF5+MobileCall!FT14*DH5 -> 0.010753704 | S77: =MobileCall!AA37 -> 0.0010617191
M78: 4G | N78: 0 | O78: =MobileCall!FP15*CU5+MobileCall!FQ15*CV5+MobileCall!FR15*CW5+MobileCall!FS15*CX5+MobileCall!FT15*CY5+MobileCall!FU15*DA5 -> 1.0215821e-05 | P78: =MobileCall!U38 -> 0.0035994191 | Q78: 0 | R78: =MobileCall!FP15*DD5+MobileCall!FQ15*DE5+MobileCall!FR15*DF5+MobileCall!FS15*DG5+MobileCall!FT15*DH5+MobileCall!FU15*DJ5 -> 0.011300314 | S78: =MobileCall!AA38 -> 0.0010361509
M79: 5G | N79: 0 | O79: =DB5 -> 1.6677806e-07 | P79: =MobileCall!U39 -> 0.00067149569 | Q79: 0 | R79: =DK5 -> 0.0047746416 | S79: =MobileCall!AA39 -> 0.0007262761
M80: WiFi2 | N80: 0 | O80: =CZ5 -> 4.7510979e-07 | P80: =MobileCall!BK5 -> 0.0011194632 | Q80: 0 | R80: =DI5 -> 0.010153247 | S80: =MobileCall!BQ5 -> 0.00086311725
M81: WiFi5 | N81: 0 | O81: =DC5 -> 2.1402708e-08 | P81: =MobileCall!BW5 -> 0.00032007162 | Q81: 0 | R81: =DL5 -> 0.0026463741 | S81: =MobileCall!CC5 -> 0.00055363292

Sheet Cordless
B1: Total_dose_cordless | D1: Duration | E1: Agregated_mSAR | G1: postion_aggregated_nSAR | I1: Agregated_power | J1: Positions | L1: SAR | P1: power | Q1: duty_cycle
B2: mJ/kg/day | C2: mJ/kg/day | D2: second | E2: W/kg/W | G2: W/kg/W | I2: mW | J2: proportion | L2: W/kg/W | P2: mW | Q2: proportion
A3: source | B3: brain | C3: WB | E3: brain | F3: WB | G3: brain | H3: WB | J3: ear | K3: speaker | L3: brain | N3: WB | R3: Reference | S3: Remarks
A4: variable | L4: ear | M4: speaker | N4: ear | O4: speaker
A5: Summary | B5: =D5*E5 -> 12.484726 | C5: =D5*F5 -> 3.5809795 | D5: =[1]Sheet1!$B$7 -> 68.825784 | E5: =G5*I5 -> 0.18139607 | F5: =H5*I5 -> 0.052029622 | G5: =(L5*J5)+(M5*K5) -> 0.018139607 | H5: =(N5*J5)+(O5*K5) -> 0.0052029622 | I5: =P5*Q5 -> 10 | J5: =[1]Sheet1!$B$8 -> 0.34601031 | K5: =1-J5 -> 0.65398969 | L5: =MobileCall!FZ5 -> 0.046356407 | M5: =MobileCall!GG5 -> 0.0032107719 | N5: =MobileCall!HB5 -> 0.011088893 | O5: =MobileCall!HI5 -> 0.0020888569 | P5: 250 | Q5: =AVERAGE(Q12:Q13) -> 0.04
A6: user_inputs
D7: 6.4 | R7: van Wel L, Liorni I, Huss A, Thielens A, Wiart J, Joseph W, et al. Radio-frequency electromagnetic field exposure and contribution of sources in the general population: an organ-specific integrative exposure assessment. J Expo Sci Environ Epidemiol. 2021;31(6):999-1007.
D8: 0.4 | R8: Birks LE, van Wel L, Liorni I, Pierotti L, Guxens M, Huss A, et al. Radiofrequency electromagnetic fields from mobile communication: Description of modeled dose in brain regions and the body in European children and adolescents. Environmental research. 2021;193:110505
J9: 0.9 | K9: 0.1 | L9: cell addressed to another | M9: cell addressed to another | N9: cell addressed to another | O9: cell addressed to another | P9: max power over network | R9: expert opinion
R10: IEM
R11: Swerdlow AJ. Health Effects from Radiofrequency Electromagnetic Fields: . UK: Health Protection Agency; 2012.
Q12: 0.04 | R12: Calderón C, Castano-Vinyals G, Maslanyj M, Wiart J, Lee AK, Taki M, Wake K, Abert A, Badia F, Hadjem A, Kromhout H. Estimation of RF and ELF dose by anatomical location in the brain from wireless phones in the MOBI-Kids study. Environment international. 2022 May 1;163:107189.
Q13: 0.04 | R13: Health effects of RF-EMF Report of the independent Advisory Group on Non-ionising Radiation ... independent research groups have found no such effect on this; uk health protection agancy
L69: e during browsing or other very low data transfer activities (such as texting, emailing, etc.) over a wifi 2.4 GHz

Sheet Laptop
B1: Total_dose_laptop | D1: Duration | E1: transmitter_weighted_m_SAR | K1: transmitter_position_weighted_SAR | O1: Positions | Q1: SAR_wifi2 | U1: SAR_wifi5 | Y1: Connectivity_mode | Z1: wifi_technology | AB1: power | AD1: duration_data_transfer | AH1: online activity contribution | AL1: reference | AM1: remark
B2: mJ/kg/day | C2: mJ/kg/day | D2: second | F2: WiFi | O2: proportion | Q2: W/kg/W | U2: W/kg/W | Y2: proportion | Z2: proportion | AB2: mW | AD2: second | AE2: second | AF2: second | AG2: second
A3: source | B3: brain | C3: WB | E3: brain | H3: WB | K3: brain | M3: WB | Q3: brain | S3: WB | U3: brain | W3: WB | Y3: wifi | Z3: wifi2 | AA3: wifi5 | AB3: wifi2 | AC3: wifi5
A4: variable | E4: total | F4: wifi2 | G4: wifi5 | H4: total | I4: wifi2 | J4: wifi5 | K4: wifi2 | L4: wifi5 | M4: wifi2 | N4: wifi5 | O4: lap | P4: table | Q4: lap | R4: table | S4: lap | T4: table | U4: lap | V4: table | W4: lap | X4: table | AD4: browsing | AE4: audio | AF4: video | AG4: upload | AH4: brwosing | AI4: voice | AJ4: video | AK4: upload
A5: Summary | B5: =D5*E5 -> 0.70773816 | C5: =D5*H5 -> 101.3788 | D5: =SUM(AD5:AG5) -> 3952.3925 | E5: =Z5*F5+AA5*G5 -> 0.00017906576 | F5: =K5*AB5 -> 0.00026200716 | G5: =L5*AC5 -> 6.4527631e-05 | H5: =Z5*I5+AA5*J5 -> 0.025649982 | I5: =M5*AB5 -> 0.027236005 | J5: =N5*AC5 -> 0.02345976 | K5: =O5*Q5+P5*R5 -> 3.8175614e-05 | L5: =O5*U5+P5*V5 -> 7.8166024e-06 | M5: =O5*S5+P5*T5 -> 0.0039684076 | N5: =O5*W5+P5*X5 -> 0.0028418154 | O5: 0.2 | P5: 0.8 | Q5: =[4]Sheet1!$I$47 -> 3.4320344e-05 | R5: =[4]Sheet1!$I$57 -> 3.9139431e-05 | S5: =[5]Sheet1!$H$47 -> 0.0071055683 | T5: =[5]Sheet1!$H$57 -> 0.0031841174 | U5: =[4]Sheet1!$I$50 -> 2.2386717e-06 | V5: =[4]Sheet1!$I$60 -> 9.211085e-06 | W5: =[5]Sheet1!$H$50 -> 0.0054622742 | X5: =[5]Sheet1!$H$60 -> 0.0021867007 | Y5: 1 | Z5: =MobileCall!DB5 -> 0.58 | AA5: =MobileCall!DC5 -> 0.42 | AB5: =(AH5*MobileData!BP5*MobileCall!FB5+AI5*MobileData!BQ5*MobileCall!FB5+AJ5*MobileData!BR5*MobileCall!FB5+AK5*MobileData!BS5*MobileCall!FB5) -> 6.8632076 | AC5: =(AH5*MobileData!BT5*MobileCall!FC5+AI5*MobileData!BU5*MobileCall!FC5+AJ5*MobileData!BV5*MobileCall!FC5+AK5*MobileData!BW5*MobileCall!FC5) -> 8.2552019 | AD5: =[1]Sheet1!$B$17 -> 1068.9706 | AE5: =[1]Sheet1!$B$18 -> 1167.9695 | AF5: =[1]Sheet1!$B$19 -> 1715.4524 | AG5: 0 | AH5: =AD5/D5 -> 0.27046166 | AI5: =AE5/D5 -> 0.29550949 | AJ5: =AF5/D5 -> 0.43402885 | AK5: =AG5/D5 -> 0
A6: user_inputs
A7: single dat | D7: 126.6 | AL7: van Wel L, Liorni I, Huss A, Thielens A, Wiart J, Joseph W, et al. Radio-frequency electromagnetic field exposure and contribution of sources in the general population: an organ-specific integrative exposure assessment. J Expo Sci Environ Epidemiol. 2021;31(6):999-1007.
D8: 19.1 | Z8: I considered 50-50 for data activities with high and low data transfer. | AL8: Birks LE, van Wel L, Liorni I, Pierotti L, Guxens M, Huss A, et al. Radiofrequency electromagnetic fields from mobile communication: Description of modeled dose in brain regions and the body in European children and adolescents. Environmental research. 2021;193:110505
J9: 0.2 | K9: 0.8 | AL9: expert opinion
S10: 1 | Z10: important point | AL10: expert opinion
Z11: if user changes the time durations for low or high, the total duration (D5) will be sum up of these two low and high durations, otherwise we keep the defulat value
V13: calculation based on the laptop inputs (durations proportion) | W13: calculation based on the laptop inputs (durations proportion) | Z13: =D5/2 -> 1976.1963 | AA13: =D5/2 -> 1976.1963

Sheet Tablet
B1: Total_dose_tablet | D1: Duration | E1: connection mode_transmitter_weighted_m_SAR | G1: transmitter_weighted_m_SAR | M1: transmitter_position_weighted_SAR | R1: SAR_wifi2 | T1: SAR_wifi5 | V1: Connectivity_mode | W1: wifi_technology | Y1: power | AA1: duration_data_transfer | AE1: online activity contribution
B2: mJ/kg/day | C2: mJ/kg/day | D2: second | H2: WiFi | M2: WiFi | Q2: proportion | R2: W/kg/W | T2: W/kg/W | V2: proportion | W2: proportion | Y2: mW | AA2: second | AB2: second | AC2: second | AD2: second
A3: source | B3: brain | C3: WB | E3: brain | F3: wb | G3: brain | J3: WB | M3: brain | O3: WB | Q3: front_of_face | R3: brain | S3: WB | T3: brain | U3: WB | V3: wifi | W3: wifi2 | X3: wifi5 | Y3: wifi2 | Z3: wifi5
A4: variable | G4: total | H4: wifi2 | I4: wifi5 | J4: total | K4: wifi2 | L4: wifi5 | M4: wifi2 | N4: wifi5 | O4: wifi2 | P4: wifi5 | AA4: browsing | AB4: audio | AC4: video | AD4: upload | AE4: brwosing | AF4: voice | AG4: video | AH4: upload
A5: Summary | B5: =D5*E5 -> 7.8700348 | C5: =D5*F5 -> 7.5665043 | D5: =SUM(AA5:AD5) -> 1382.867 | E5: =G5 -> 0.0056911004 | F5: =J5 -> 0.0054716068 | G5: =W5*H5+X5*I5 -> 0.0056911004 | H5: =M5*Y5 -> 0.0078632934 | I5: =N5*Z5 -> 0.0026914053 | J5: =W5*K5+X5*L5 -> 0.0054716068 | K5: =O5*Y5 -> 0.0060626776 | L5: =P5*Z5 -> 0.0046553661 | M5: =MobileData!P80*Q5 -> 0.0011194632 | N5: =MobileData!P81*Q5 -> 0.00032007162 | O5: =MobileData!S80*Q5 -> 0.00086311725 | P5: =MobileData!S81*Q5 -> 0.00055363292 | Q5: 1 | R5: =MobileCall!BK5 -> 0.0011194632 | S5: =MobileCall!BQ5 -> 0.00086311725 | T5: =MobileCall!BW5 -> 0.00032007162 | U5: =MobileCall!CC5 -> 0.00055363292 | V5: 1 | W5: =MobileCall!DB5 -> 0.58 | X5: =MobileCall!DC5 -> 0.42 | Y5: =(AE5*MobileData!BP5*MobileCall!FB5+AF5*MobileData!BQ5*MobileCall!FB5+AG5*MobileData!BR5*MobileCall!FB5+AH5*MobileData!BS5*MobileCall!FB5) -> 7.0241646 | Z5: =(AE5*MobileData!BT5*MobileCall!FC5+AF5*MobileData!BU5*MobileCall!FC5+AG5*MobileData!BV5*MobileCall!FC5+AH5*MobileData!BW5*MobileCall!FC5) -> 8.4087595 | AA5: =[1]Sheet1!$B$21 -> 312.74362 | AB5: =[1]Sheet1!$B$22 -> 457.79028 | AC5: =[1]Sheet1!$B$23 -> 612.33308 | AD5: 0 | AE5: =AA5/D5 -> 0.22615597 | AF5: =AB5/D5 -> 0.33104433 | AG5: =AC5/D5 -> 0.4427997 | AH5: =AD5/D5 -> 0
A6: user_inputs
A7: single data | D7: 29.6 | AE7: van Wel L, Liorni I, Huss A, Thielens A, Wiart J, Joseph W, et al. Radio-frequency electromagnetic field exposure and contribution of sources in the general population: an organ-specific integrative exposure assessment. J Expo Sci Environ Epidemiol. 2021;31(6):999-1007.
D8: 24.3 | AE8: Birks LE, van Wel L, Liorni I, Pierotti L, Guxens M, Huss A, et al. Radiofrequency electromagnetic fields from mobile communication: Description of modeled dose in brain regions and the body in European children and adolescents. Environmental research. 2021;193:110505
AC9: wifi_tech is expert opinion | AE9: expert opinion
Y10: just to remind you that you make connection between this wifi and mobile dat awifi | Z10: just to remind you that you make connection between this wifi and mobile dat awifi
AC11: if user changes the time durations for low or high, the total duration (D5) will be sum up of these two low and high durations, otherwise we keep the defulat value
B15: D5*E5*G5 | C15: D5*G5*F5
I75: wb
G76: belly | H76: front of face | I76: far | J76: belly | K76: fof
G77: =MobileCall!FK29*EN5+MobileCall!FM29*EP5 -> 0 | H77: =MobileCall!AR42 -> 0 | I77: 0 | J77: =MobileCall!FK29*EW5+MobileCall!FM29*EY5 -> 0 | K77: =MobileCall!T37 -> 0.0012757832
G78: =MobileCall!FI30*EL5+MobileCall!FJ30*EM5+MobileCall!FK30*EN5+MobileCall!FL30*EO5+MobileCall!FM30*EP5+MobileCall!FN30*ER5 -> 0 | H78: =MobileCall!AR43 -> 0 | I78: 0 | J78: =MobileCall!FI30*EU5+MobileCall!FJ30*EV5+MobileCall!FK30*EW5+MobileCall!FL30*EX5+MobileCall!FM30*EY5+MobileCall!FN30*FA5 -> 0 | K78: =MobileCall!T38 -> 0.001200065
G79: =ES5 -> 0 | H79: =MobileCall!AR44 -> 0 | I79: 0 | J79: =FB5 -> 0 | K79: =MobileCall!T39 -> 0.00022368506
G80: =EQ5 -> 0 | H80: =MobileCall!#REF! -> #REF! | I80: 0 | J80: =EZ5 -> 0 | K80: =MobileCall!BJ5 -> 0.00037289035
G81: =ET5 -> 0 | H81: =MobileCall!BP5 -> 0.0023780397 | I81: 0 | J81: =FC5 -> 0 | K81: =MobileCall!BV5 -> 0.00010658385

Sheet Farfield
B1: Total_dose_ff | D1: Duration | E1: mSAR | G1: Agregated_nSAR | I1: Agregated_exposure | J1: Duration_env | N1: proportion_env | R1: Urbanicity | AD1: exposure | AN1: BTS_close | AR1: BTS_close | AU1: frequency contribution | BE1: SAR
B2: mJ/kg/day | C2: mJ/kg/day | D2: second | E2: (W*mW)/(kg*W) | G2: (W/kg)/(W/m2) | I2: mW/m2 | J2: second | R2: urban_home | T2: urban_work | V2: suburban_home | X2: suburban_work | Z2: rural_home | AB2: rural_work | AD2: mW/m2 | AN2: home | AP2: work | AR2: mW/m2 | AU2: proportion | BE2: (W/kg)/(W/m2)
A3: info/default | B3: brain | C3: WB | E3: Brain | F3: WB | G3: Brain | H3: WB | J3: home | K3: outdoor | L3: work | M3: traveling | N3: home | O3: outdoor | P3: work | Q3: traveling | S3: default | U3: default | V3: default | X3: default | AA3: default | AC3: default | AD3: urban_home | AE3: urban_outdoor | AF3: urban_work | AG3: suburban_home | AH3: suburban_outdoor | AI3: suburban_work | AJ3: rural_home | AK3: rural_outdoor | AL3: rural_work | AM3: traveling | AO3: default | AQ3: default | AU3: <700 | AV3: 700 | AW3: 800 | AX3: 900 | AY3: 1800 | AZ3: 2100 | BA3: 2450 | BB3: 2600 | BC3: 3500 | BD3: 5000 | BE3: brain | BO3: WB | BY3: Reference | BZ3: Remarks
A4: variable | R4: yes | S4: no | T4: yes | U4: no | V4: yes | W4: no | X4: yes | Y4: no | Z4: yes | AA4: no | AB4: yes | AC4: no | AN4: yes | AO4: No | AP4: yes | AQ4: No | AR4: <50 m | AS4: 50-250 m | AT4: 250-500 | BE4: <700 | BF4: 700 | BG4: 800 | BH4: 900 | BI4: 1800 | BJ4: 2100 | BK4: 2450 | BL4: 2600 | BM4: 3500 | BN4: 5000 | BO4: <700 | BP4: 700 | BQ4: 800 | BR4: 900 | BS4: 1800 | BT4: 2100 | BU4: 2450 | BV4: 2600 | BW4: 3500 | BX4: 5000
A5: Summary | B5: =D5*E5 -> 162.57839 | C5: =D5*F5 -> 136.02053 | D5: =SUM(J5:M5) -> 86400 | E5: =G5*I5 -> 0.0018816943 | F5: =H5*I5 -> 0.0015743117 | G5: =AU5*BE5+AV5*BF5+AW5*BG5+AX5*BH5+AY5*BI5+AZ5*BJ5+BA5*BK5+BB5*BL5+BC5*BM5+BD5*BN5 -> 0.0054913152 | H5: =AU5*BE5+AV5*BP5+AW5*BQ5+AX5*BR5+AY5*BS5+AZ5*BT5+BA5*BU5+BB5*BV5+BC5*BW5+BD5*BX5 -> 0.004594286 | I5: =(N5*S5*AD5)+(N5*AA5*AJ5)+(N5*V5*AG5)+(O5*S5*AE5)+(O5*V5*AH5)+(O5*AA5*AL5)+(P5*U5*AF5)+(P5*X5*AI5)+(P5*AC5*AK5)+(Q5*AM5) -> 0.34266733 | J5: =(24*60*60)-K5-L5-M5 -> 59349.949 | K5: =K8*60*60 -> 7200 | L5: =L9*60*60 -> 18000 | M5: =[1]Sheet1!$B$3 -> 1850.0512 | N5: =J5/D5 -> 0.6869207 | O5: =K5/D5 -> 0.083333333 | P5: =L5/D5 -> 0.20833333 | Q5: =M5/D5 -> 0.021412629 | R5: 1 | S5: 0 | T5: 1 | U5: 0 | V5: 1 | W5: 0 | X5: 1 | Y5: 0 | Z5: 1 | AA5: 0 | AB5: 1 | AC5: 0 | AD5: 0.44845925 | AE5: 1.2933706 | AF5: 0.63857307 | AG5: 0.26831998 | AH5: 0.77384327 | AI5: 0.38316991 | AJ5: 0.08818071 | AK5: 0.25431594 | AL5: 0.12776674 | AM5: 0.6556309 | AN5: 1 | AO5: 0 | AP5: 1 | AQ5: 0 | AR5: =((SQRT(AR18^2+AR19^2+AR14^2))^2/377)*1000 -> 2.0541114 | AS5: =((SQRT(AS15^2+AS14^2+AS20^2))^2/377)*1000 -> 1.1554377 | AT5: =((SQRT(AT16^2+AT14^2+AT20^2))^2/377)*1000 -> 0.66312997 | AU5: 0.08 | AV5: 0.04 | AW5: 0.15 | AX5: 0.17 | AY5: 0.23 | AZ5: 0.15 | BA5: 0.02 | BB5: 0.07 | BC5: 0.07 | BD5: 0.02 | BE5: =[2]Sheet1!$M$2 -> 0.0063492632 | BF5: =[2]Sheet1!$L$5 -> 0.008410606 | BG5: =[2]Sheet1!$L$6 -> 0.0086691144 | BH5: =[2]Sheet1!$L$7 -> 0.0087110652 | BI5: =[2]Sheet1!$L$8 -> 0.0044534377 | BJ5: =[2]Sheet1!$L$9 -> 0.003408901 | BK5: =[2]Sheet1!$L$10 -> 0.0026181892 | BL5: =[2]Sheet1!$L$11 -> 0.0023785686 | BM5: =[2]Sheet1!$L$12 -> 0.0014298366 | BN5: =[2]Sheet1!$L$13 -> 0.0005561826 | BO5: =[3]Sheet1!$M$2 -> 0.0068286364 | BP5: =[3]Sheet1!$L$5 -> 0.0056272613 | BQ5: =[3]Sheet1!$L$6 -> 0.0054880185 | BR5: =[3]Sheet1!$L$7 -> 0.0053320621 | BS5: =[3]Sheet1!$L$8 -> 0.0042387458 | BT5: =[3]Sheet1!$L$9 -> 0.0039545999 | BU5: =[3]Sheet1!$L$10 -> 0.0035596547 | BV5: =[3]Sheet1!$L$11 -> 0.0034417505 | BW5: =[3]Sheet1!$L$12 -> 0.0029049748 | BX5: =[3]Sheet1!$L$13 -> 0.0024017885
A6: user_inputs
A7: single dat | J7: 990 | BY7: expert opinion
K8: =120/60 -> 2 | BY8: An overview analysis of the time people spend outdoors (for time outdoor | BZ8: (0.28 of year is weekend*2.38 h spend outdoor)+(5.5*0.08 of year is weekend)+(0.62*1.43)
B9: new calculations | C9: new calculations | L9: =300/60 -> 5 | AT9: Adriana_2023_EU | AU9: 0.08 | AV9: 0.04 | AW9: 0.15 | AX9: 0.17 | AY9: 0.23 | AZ9: 0.15 | BA9: 0.02 | BB9: 0.07 | BC9: 0.07 | BD9: 0.02 | BY9: Eurostat: official website of the European Union; https://ec.europa.eu/eurostat/statistics-explained/index.php?oldid=473885#:~:text=In%20the%20EU%2C%20in%202022%2C,actual%20and%20usual%20work%20hours | BZ9: 365 d/y, 30 d holiday, 104 d weekends; [calculation: (365-104-30)*8)/365= 5 h/d]
M10: 30 | BY10: Eurostat. Majority commuted less than 30 minutes in 2019. European Commission; 2020
BY11: Eurostat. Majority commuted less than 30 minutes in 2019. European Commission; 2021
BY12: Chiaramello E, Bonato M, Fiocchi S, Tognola G, Parazzini M, Ravazzani P, Wiart J. Radio frequency electromagnetic fields exposure assessment in indoor environments: a review. International journal of environmental research and public health. 2019 Mar;16(6):955.; Jalilian H, Eeftens M, Ziaei M, Röösli M. Public exposure to radiofrequency electromagnetic fields in everyday microenvironments: An updated systematic review for Europe. Environmental Research. 2019;176:108517 | BZ12: Exposure _Vm: Urban exposure level: (0.23–0.92 V/m) [average=0.57 V/m]; rural exposure level: (0.07–0.26 V/m) [average=0.16 V/m];Transport system: car (0.14 to 0.56 V/m  average~0.35 V/m), buses (0.28 to 0.50 V/m  average~0.40 V/m), in trains (0.34 to 0.75 V/m average~0.55 V/m), in trams from (0.28 to 0.69 V/m average~0.49 V/m) and in stations from (0.89 to 1.97 V/m average~1.43 V/m) [average of average= 0.65 V/m)
R14: Condition for Urbanicity | AR14: 0.88 | BY14: De Giudici P, Genier J-C, Martin S, Doré J-F, Ducimetière P, Evrard A-S, et al. Radiofrequency exposure of people home near mobile-phone base stations in France. Environmental Research. 2021;194:110500. | BZ14: face to the anttena
R15: user only can select one item: urban/suburban or rual; means if user select home in urban/suburban, the value for this will be 1 and for home for rural should be 0 | AS15: 0.66 | BY15: De Giudici P, Genier J-C, Martin S, Doré J-F, Ducimetière P, Evrard A-S, et al. Radiofrequency exposure of people home near mobile-phone base stations in France. Environmental Research. 2021;194:110500. | BZ15: face to the anttena
R16: default value is 1 for urban and 0 for rural | AT16: 0.5 | BY16: Buckus R, Strukčinskienė B, Raistenskis J, Stukas R, Šidlauskienė A, Čerkauskienė R, Isopescu DN, Stabryla J, Cretescu I. A technical approach to the evaluation of radiofrequency radiation emissions from mobile telephony base stations. International journal of environmental research and public health. 2017 Mar;14(3):244. | BZ16: face to the anttena
R17: so, if user select one item, the value of that item shoud be 1 and another item 0
AC23: SAR
AC25: Country | AD25: Urban | AG25: Suburban | AJ25: Rural
AD26: urban_home | AE26: urban_outdoor | AF26: urban_school | AG26: suburban_home | AH26: suburban_outdoor | AI26: suburban_school | AJ26: rural_home | AK26: rural_outdoor | AL26: rural_school | AM26: traveling
AC27: Column1 | AD27: Column2 | AE27: Column3 | AF27: Column4 | AG27: Column5 | AH27: Column6 | AI27: Column7 | AJ27: Column8 | AK27: Column9 | AL27: Column10 | AM27: Column11
AC28: Austria | AD28: 0.52844371 | AE28: 1.5240483 | AF28: 0.10778807 | AG28: 0.36727721 | AH28: 1.0592391 | AI28: 0.24778728 | AJ28: 0.20611072 | AK28: 0.59442981 | AL28: 0.38778648 | AM28: 1.0341895
AC29: Belgium | AD29: 0.29898137 | AE29: 0.8622717 | AF29: 0.218933 | AG29: 0.19151502 | AH29: 0.55233534 | AI29: 0.1529456 | AJ29: 0.084048663 | AK29: 0.24239899 | AL29: 0.086958199 | AM29: 0.48638961
AC30: France | AD30: 1.2384152 | AE30: 3.5716285 | AF30: 1.7213659 | AG30: 0.64513551 | AH30: 1.8605911 | AI30: 0.89709421 | AJ30: 0.051855807 | AK30: 0.14955378 | AL30: 0.072822556 | AM30: 1.154569
AC31: Hungary | AD31: 0.39518803 | AE31: 1.1397347 | AF31: 0.31620138 | AG31: 0.23006384 | AH31: 0.66351136 | AI31: 0.2818542 | AJ31: 0.064939645 | AK31: 0.18728798 | AL31: 0.24750703 | AM31: 0.43945889
AC32: Italy | AD32: 0.30335253 | AE32: 0.87487825 | AF32: 0.42165235 | AG32: 0.1938058 | AH32: 0.55894204 | AI32: 0.22762613 | AJ32: 0.084259076 | AK32: 0.24300583 | AL32: 0.033599906 | AM32: 0.28101557
AC33: Netherlands | AD33: 0.35228984 | AE33: 1.016015 | AF33: 0.48967398 | AG33: 0.21581987 | AH33: 0.6224313 | AI33: 0.30055363 | AJ33: 0.079349901 | AK33: 0.22884761 | AL33: 0.11143328 | AM33: 0.66144692
AC34: Poland | AD34: 0.64822255 | AE34: 1.8694942 | AF34: 1.5929531 | AG34: 0.36070045 | AH34: 1.0402715 | AI34: 0.80746322 | AJ34: 0.073178359 | AK34: 0.21104869 | AL34: 0.021973301 | AM34: 0.83839323
AC35: Spain | AD35: 0.29183576 | AE35: 0.84166354 | AF35: 1.0092359 | AG35: 0.21100406 | AH35: 0.60854236 | AI35: 0.59602027 | AJ35: 0.13017236 | AK35: 0.37542118 | AL35: 0.18280467 | AM35: 0.59829188
AC36: Switzerland | AD36: 0.12361121 | AE36: 0.35649862 | AF36: 0.085024059 | AG36: 0.092611639 | AH36: 0.26709488 | AI36: 0.085773804 | AJ36: 0.06161207 | AK36: 0.17769115 | AL36: 0.086523549 | AM36: 0.31278443
AC37: UK | AD37: 0.30425227 | AE37: 0.87747314 | AF37: 0.42290298 | AG37: 0.17526639 | AH37: 0.50547378 | AI37: 0.23458072 | AJ37: 0.046280497 | AK37: 0.13347441 | AL37: 0.04625846 | AM37: 0.74976993
AC39: Default | AD39: 0.44845925 | AE39: 1.2933706 | AF39: 0.63857307 | AG39: 0.26831998 | AH39: 0.77384327 | AI39: 0.38316991 | AJ39: 0.08818071 | AK39: 0.25431594 | AL39: 0.12776674 | AM39: 0.6556309
AC40: other
AE41: School/outdoor ratio calculation | AI41: Outdoor/indoor damping factor (DF)
AF42: ratio_city | AG42: ratio_village | AJ42: outdoor/indoor damping (FM, 800, 900, 2100 MHz)
AE43: Austria | AF43: 0.07072484 | AG43: 0.65236716 | AI43: Buergi et al | AJ43: 4.6
AE44: Belgium | AF44: 0.25390257 | AG44: 0.35873994 | AI44: Total bands, formula | AJ44: Pinoor= Poutdoor*10(-DF/10)
AE45: France
AE46: Hungary | AF46: 0.27743419 | AG46: 1.3215318
AE47: Italy | AG47: 0.1382679 | AI47: Color coding
AE48: Netherlands | AG48: 0.48693223 | AI48: Measurments, Adriana 2023
AE49: Poland | AF49: 0.85207704 | AG49: 0.10411484 | AI49: Indoor/outdoor damping factor applied
AE50: Spain | AF50: 1.1990966 | AI50: School/outdoor ratio from measurments applied
AE51: Switzerland | AF51: 0.23849758 | AI51: Average of urban and rural areas
AE52: UK | AG52: 0.34657175
AE53: Average ratio | AF53: 0.48195547 | AG53: 0.48693223

Sheet Wifi
B1: Total_dose_wifi | D1: Duration | E1: transmitter_aggregated_mSAR | K1: duration | N1: prop_wifi_usage | O1: SAR_wifi2 | Q1: SAR_wifi5 | S1: Wifi_technology | U1: Wifi_exposure_mW
B2: mJ/kg/day | C2: mJ/kg/day | D2: second | E2: brain | H2: WB | K2: second | O2: W/kg/W/m2 | Q2: W/kg/W/m2 | S2: proportion | U2: W/m2
A3: source | B3: brain | C3: WB | E3: total | F3: wifi2 | G3: wifi5 | H3: total | I3: wifi2 | J3: wifi5 | K3: home | L3: work | M3: traveling | O3: brain | P3: WB | Q3: brain | R3: WB | S3: wifi2 | T3: wifi5 | U3: wifi2 | V3: wifi5
A4: variable | S4: p | T4: q
A5: Summary | B5: =D5*E5 -> 1.340219 | C5: =D5*H5 -> 5.4167703 | D5: =SUM(K5:M5) -> 79200 | E5: =S5*F5+T5*G5 -> 1.6921957e-05 | F5: =O5*U5 -> 2.394e-05 | G5: =Q5*V5 -> 7.2303738e-06 | H5: =S5*I5+T5*J5 -> 6.8393565e-05 | I5: =P5*U5 -> 9.531e-05 | J5: =R5*V5 -> 3.122325e-05 | K5: =Farfield!J5 -> 59349.949 | L5: =Farfield!L5 -> 18000 | M5: =Farfield!M5*N5 -> 1850.0512 | N5: =IF(MobileCall!IJ5=0,0,1) -> 1 | O5: 0.00133 | P5: 0.005295 | Q5: =Farfield!BN5 -> 0.0005561826 | R5: =Farfield!BX5 -> 0.0024017885 | S5: =MobileCall!DB5 -> 0.58 | T5: =MobileCall!DC5 -> 0.42 | U5: 0.018 | V5: 0.013
A6: user_inputs
A7: single dat | W7: van Wel L, Liorni I, Huss A, Thielens A, Wiart J, Joseph W, et al. Radio-frequency electromagnetic field exposure and contribution of sources in the general population: an organ-specific integrative exposure assessment. J Expo Sci Environ Epidemiol. 2021;31(6):999-1007. | X7: expert opinion of authors
W8: From far field results
U9: 0.08 | V9: 0.077 | W9: Nekane_V/m
Q13: new value | R13: new value | U13: new value | V13: new value
U15: HERMES3 personal measurment results
O16: Check the milstone in YODA folder | Q16: At the moment 5 GHz intermediate is not avalible and we need to take far field value for it. | U16: Home wifi2_rms = 0.01496315
U17: Home wifi5 = 0.009309571
U18: School wifi2_rms = 0.02166558
U19: School wifi5 = 0.01652925
U23: 0.01496315 | V23: 0.02166558 | W23: =AVERAGE(U23:V23) -> 0.018314365
U25: 0.009309571 | V25: 0.01652925 | W25: =AVERAGE(U25:V25) -> 0.01291941

Sheet Other
B1: Total_dose_other | D1: total_smartwatch_dose | F1: phone_smartwatch | H1: smartwatch_dose_active | J1: smartwatch_dose_passive | L1: total_headphone_dose | N1: headphone_dose | P1: phone_headphone_dose | R1: vr_dose | T1: smart_home_dose | V1: hotspot | X1: portable_gaming | Z1: Duration | AH1: mSAR | BK1: SAR_wifi2 | BW1: SAR_wifi5 | CA1: power/exposure | CO1: duty_cycle | DC1: wifi_technology_portable
B2: mJ/kg/day | D2: mJ/kg/day | F2: mJ/kg/day | H2: mJ/kg/day | J2: mJ/kg/day | L2: mJ/kg/day | N2: mJ/kg/day | P2: mJ/kg/day | R2: mJ/kg/day | T2: mJ/kg/day | V2: mJ/kg/day | X2: mJ/kg/day | Z2: second | AH2: watch | AL2: phone_smartwatch_BT(passive) | AN2: VR | AT2: headphone_(passive) | AV2: phone_headphone_BT(active) | AX2: hotspot | AZ2: smart_home | BB2: portable_gaming | BK2: W/kg/W | BW2: W/kg/W | CA2: mW | CN2: mW/m2 | CO2: propotion | CZ2: online_vr_gaming | DA2: online_portable_gaming | DC2: proportion
A3: source | B3: brain | C3: WB | D3: brain | E3: WB | F3: brain | G3: WB | H3: brain | I3: WB | J3: brain | K3: WB | L3: brain | M3: WB | N3: brain | O3: WB | P3: brain | Q3: WB | R3: brain | S3: WB | T3: brain | U3: WB | V3: brain | W3: WB | X3: brain | Y3: WB | Z3: watch | AB3: vr | AC3: headphone | AD3: active_smart_home | AF3: hotspot | AG3: portable_gaming | AH3: brain | AJ3: WB | AL3: brain | AM3: WB | AN3: brain | AQ3: WB | AT3: BT(2.4GHz) | AV3: BT(2.4GHz) | AX3: wifi2 | AZ3: wifi2 | BB3: brain | BE3: WB | BH3: hotspot_AND_phone_headphone | BK3: watch | BM3: headphone | BO3: smart_home | BQ3: three_phone_positions | BS3: portalble_gaming | BU3: vr | BW3: portalble_gaming | BY3: vr | CA3: watch_phone_BT | CC3: vr | CE3: portable_gaming | CG3: BT_phone_or_headphone_active | CH3: hotspot | CI3: BT_phone_or_headphone_passive | CJ3: Nominal_power_BT | CK3: Nominal_power_wifi2 | CL3: max_power_wifi5 | CM3: hotspot_max | CN3: smart_home | CO3: active_BT_phone_and_headphone | CP3: passive_BT_phone_and_headphone | CQ3: portable_gaming | CS3: vr | CU3: total_smartwatch_passive time second/day | CV3: total_smartwaatch_active second/day | CW3: total_smartwatch_file Mb/day | CX3: total_smarthome_activetime/day | CY3: hotspot | DA3: portable_gaming | DC3: wifi2 | DD3: wifi5
A4: variable | Z4: yes | AA4: no-default | AD4: yes | AE4: no-default | AF4: default is 0 minuts | AH4: active | AI4: passive | AJ4: active | AK4: passive | AN4: total | AO4: wifi2 | AP4: wifi5 | AQ4: total | AR4: wifi2 | AS4: wifi5 | AT4: brain | AU4: wb | AV4: brain | AW4: WB | AX4: brain | AY4: wb | AZ4: brain | BA4: wb | BB4: total | BC4: wifi2 | BD4: wifi5 | BE4: total | BF4: wifi2 | BG4: wifi5 | BH4: phone_front_of_face | BI4: pocket | BJ4: far | BK4: brain | BL4: WB | BM4: brain | BN4: WB | BO4: brain | BP4: WB | BQ4: brain | BR4: WB | BS4: brain | BT4: WB | BU4: brain | BV4: WB | BW4: brain | BX4: WB | BY4: brain | BZ4: WB | CA4: active | CB4: passive | CC4: wifi2 | CD4: wifi5 | CQ4: wifi2 | CR4: wifi5 | CS4: wifi2 | CT4: wifi5 | CZ4: online | DA4: offline | DB4: online
A5: Summary | B5: =SUM(D5,R5, L5,T5,V5,X5) -> 74.92104 | C5: =SUM(E5,S5,M5,U5,W5,Y5) -> 88.521277 | D5: =H5+J5+F5 -> 0.069344609 | E5: =I5+K5+G5 -> 2.8814895 | F5: =Z5*AL5 -> 0.063854953 | G5: =Z5*AM5 -> 0.40722323 | H5: =AH5*CV5 -> 0.0014155895 | I5: =AJ5*CV5 -> 0.63802638 | J5: =AI5*CU5 -> 0.0040740665 | K5: =AK5*CU5 -> 1.8362399 | L5: =N5+P5 -> 1.1718579 | M5: =O5+Q5 -> 3.6444651 | N5: =AC5*AT5*2 -> 0.67454945 | O5: =AC5*AU5*2 -> 0.47297176 | P5: =AC5*AV5 -> 0.49730846 | Q5: =AC5*AW5 -> 3.1714934 | R5: =AB5*AN5 -> 65.485124 | S5: =AQ5*AB5 -> 32.872966 | T5: =CX5*AZ5 -> 1.3095898 | U5: =CX5*BA5 -> 5.2137429 | V5: =AF5*AX5 -> 6.8851241 | W5: =AF5*AY5 -> 43.908614 | X5: =AG5*BB5 -> 0 | Y5: =AG5*BE5 -> 0 | Z5: 86400 | AA5: 0 | AB5: 600 | AC5: =[1]Sheet1!$C$28 -> 8411.143 | AD5: =Farfield!J5 -> 59349.949 | AE5: x | AF5: 3600 | AG5: 0 | AH5: =BK5*CA5 -> 2.3593158e-05 | AI5: =BK5*CB5 -> 4.7186316e-08 | AJ5: =BL5*CA5 -> 0.010633773 | AK5: =BL5*CB5 -> 2.1267546e-05 | AL5: =BQ5*CB5 -> 7.3906195e-07 | AM5: =BR5*CB5 -> 4.7132318e-06 | AN5: =CZ5*(AO5*DC5+AP5*DD5) -> 0.10914187 | AO5: =BU5*CC5 -> 0.36826383 | AP5: =BY5*CD5 -> 0.011168386 | AQ5: =CZ5*(AR5*DC5+AS5*DD5) -> 0.054788276 | AR5: =BV5*CC5 -> 0.1380971 | AS5: =BZ5*CD5 -> 0.070191034 | AT5: =BM5*CI5 -> 4.009856e-05 | AU5: =BN5*CI5 -> 2.8115784e-05 | AV5: =BQ5*CG5 -> 5.9124956e-05 | AW5: =BR5*CG5 -> 0.00037705854 | AX5: =BQ5*CH5 -> 0.0019125345 | AY5: =BR5*CH5 -> 0.012196837 | AZ5: =BO5*CN5 -> 0.0021826497 | BA5: =BP5*CN5 -> 0.0086895716 | BB5: =DB5*(BC5*DC5+BD5*DD5) -> 0.0010855692 | BC5: =BS5*CE5 -> 0.0024639384 | BD5: =BW5*CF5 -> 0.0017667953 | BE5: =DB5*(BF5*DC5+BG5*DD5) -> 0.0011926904 | BF5: =BT5*CE5 -> 0.0018997211 | BG5: =BX5*CF5 -> 0.0030560537 | BH5: 0.33 | BI5: 0.33 | BJ5: 0.33 | BK5: =[4]Sheet1!$I$68 -> 2.3593158e-05 | BL5: =[5]Sheet1!$H$68 -> 0.010633773 | BM5: =MobileCall!IA5 -> 0.02004928 | BN5: =MobileCall!IB5 -> 0.014057892 | BO5: =Wifi!O5 -> 0.00133 | BP5: =Wifi!P5 -> 0.005295 | BQ5: =(BH5*MobileCall!BK5)+(BI5*MobileCall!BL5)+(BJ5*MobileCall!BM5) -> 0.00036953098 | BR5: =(BH5*MobileCall!BQ5)+(BI5*MobileCall!BR5)+(BJ5*MobileCall!BS5) -> 0.0023566159 | BS5: =MobileCall!BK5 -> 0.0011194632 | BT5: =MobileCall!BQ5 -> 0.00086311725 | BU5: =MobileCall!BI5 -> 0.026727749 | BV5: =MobileCall!BO5 -> 0.010022773 | BW5: =MobileCall!BW5 -> 0.00032007162 | BX5: =MobileCall!CC5 -> 0.00055363292 | BY5: =MobileCall!BU5 -> 0.0010403714 | BZ5: =MobileCall!CA5 -> 0.0065385221 | CA5: =CJ5 -> 1 | CB5: =CJ5*CI5 -> 0.002 | CC5: =CK5*CS5 -> 13.778333 | CD5: =CL5*CT5 -> 10.735 | CE5: =(CK5*CQ5) -> 2.201 | CF5: =CL5*CR5 -> 5.52 | CG5: =CJ5*CO5 -> 0.16 | CH5: =CM5*CY5 -> 5.1755728 | CI5: =CJ5*CP5 -> 0.002 | CJ5: =MobileCall!FD5 -> 1 | CK5: =MobileCall!FB5 -> 100 | CL5: =MobileCall!FC5 -> 200 | CM5: 60 | CN5: =SUM(CN15:CN20) -> 1.64109 | CO5: =MobileCall!FO5 -> 0.16 | CP5: 0.002 | CQ5: =MobileData!BQ5 -> 0.02201 | CR5: =AVERAGE(CR33:CR34)/100 -> 0.0276 | CS5: =MobileData!BR5 -> 0.13778333 | CT5: =MobileData!BV5 -> 0.053675 | CU5: =Z5-CV5 -> 86340 | CV5: =CW5/2 -> 60 | CW5: =(Z5*120)/86400 -> 120 | CX5: =((10*60)/AD5)*(AD5) -> 600 | CY5: =MobileData!AZ5*DA25+MobileData!BA5*DA26+DA28*MobileData!BB5+DA31*MobileData!BC5 -> 0.086259547 | CZ5: 0.5 | DA5: 0.5 | DB5: 0.5 | DC5: =MobileCall!DB5 -> 0.58 | DD5: =MobileCall!DC5 -> 0.42
A6: user_inputs
A7: single dat | AA7: 24 | DE7: expert opinion
CX8: 10 min duration at home | DE8: expert opinion
AB9: 0 | BH9: tablet, laptop and phone | BI9: audio | BJ9: audio | DE9: we assume that user uses headphone/buds during phone mobile data activities, laptop, and tablet usage. Addtionally, user can use headphone/buds for listening music.
AC10: 174 | DE10: Ramage-Morin PL, Banks R, Pineault D, Atrach M. Tinnitus in Canada. Health Rep. 2019 Mar 1;30(3):3-11.
AC11: 120 | DE11: Widen SE, Båsjö S, Möller C, Kähäri K. Headphone listening habits and hearing thresholds in swedish adolescents. Noise & health. 2017 May;19(88):125.
AC12: 120 | DE12: McNeill K, Keith SE, Feder K, Konkle AT, Michaud DS. MP3 player listening habits of 17 to 23 year old university students. the journal of the Acoustical Society of America. 2010 Aug 1;128(2):646-53.
N13: *2 because we have 2 ear! | O13: *2 because we have 2 ear! | CI13: 0.05 | CP13: passiveBT | DE13: expert opinion (controlling the volume and selecting the songs, video calls with higher duty cycle)
CK14: new column | CL14: new column | CX14: new calculations | DE14: IEM- Continuous connection BT
AD15: note | CH15: kitchen scale | CN15: 0.0003 | DE15: Assessment of radio frequency fields in the 2.45 GHz band produced by smart home devices
AD16: for smart home,default is no, other response will be yes. In this case duration is indeed 600 | CH16: smart LED | CN16: 0.00079 | DE16: Assessment of radio frequency fields in the 2.45 GHz band produced by smart home devices
CH17: power strip | CN17: 0.03 | DE17: Assessment of radio frequency fields in the 2.45 GHz band produced by smart home devices
BO18: 2.4 GHz intermediate | BQ18: phone position also applicable for phone_headphone situations | CH18: google home | CN18: 0.43 | DE18: Assessment of radio frequency fields in the 2.45 GHz band produced by smart home devices
CH19: doorbell | CN19: 0.33 | CP19: new value | CS19: new column | CY19: new value | CZ19: new column | DE19: Assessment of radio frequency fields in the 2.45 GHz band produced by smart home devices
CH20: camera | CN20: 0.85 | DE20: Assessment of radio frequency fields in the 2.45 GHz band produced by smart home devices
CH21: 21 | CM21: 60 | DE21: Pmax is in range of 20 to 100 mW (mean: 60 mW) during active transmissions.
BT22: 0.00133 | CN22: duty cycle already included in calculation of these values | DE22: Microsoft Word - SEWM23110000471RG02_FCC SAR Report.docx
BT23: 0.005295 | DE23: 7137527.pdf (fcc.report)
CT24: 0.0282 | CV24: Category | CW24: Application | CX24: 54 Mbps duty cycle (%) | CY24: 6 Mbps duty cycle (%) | CZ24: Average duty cycle (%) | DA24: activity proportion | DE24: https://fcc.report/FCC-ID/ZCASMT500/4834826.pdf
CT25: 0.027 | CV25: Browsing | CW25: Surfing news site | CX25: 0.25 | CY25: 1.57 | CZ25: 0.91 | DA25: =CZ25/100 -> 0.0091 | DE25: GetApplicationAttachment.html (fcc.gov)
CT26: 0.0575 | CV26: Voice | CW26: Skype voice | CX26: 0.8 | CY26: 3.1 | CZ26: 1.95 | DA26: =AVERAGE(CZ26:CZ27)/100 -> 0.026825 | DE26: Joseph W, Pareit D, Vermeeren G, Naudts D, Verloock L, Martens L, et al. Determination of the duty cycle of WLAN for realistic radio frequency electromagnetic field exposure assessment. Prog Biophys Mol Biol. 2013;111(1):30-6.[by calculatingweighted average of low and high data transmissions]
CT27: 0.0163 | CV27: Voice | CW27: Spotify | CX27: 0.13 | CY27: 6.7 | CZ27: 3.415 | DE27: Khalid M, Mee T, Peyman A, Addison D, Calderon C, Maslanyj M, Mann S. Exposure to radio frequency electromagnetic fields from wireless computer networks: duty factors of Wi-Fi devices operating in schools. Progress in Biophysics and Molecular Biology. 2011 Dec 1;107(3):412-20.
CV28: Video | CW28: Skype video | CX28: 1.08 | CY28: 5.42 | CZ28: 3.25 | DA28: =AVERAGE(CZ28:CZ30)/100 -> 0.19245 | DE28: Karipidis K, Henderson S, Wijayasinghe D, Tjong L, Tinker R. Exposure to radiofrequency electromagnetic fields from Wi-Fi in Australian schools. Radiation protection dosimetry. 2017 Aug 1;175(4):432-9.
CV29: Video | CW29: YouTube 360p | CX29: 2.35 | CY29: 14.54 | CZ29: 8.445 | DE29: Popović M, Koprivica M, Milinković J, Nešković A. Experimental analysis of individual EMF exposure for GSM/UMTS/WLAN user devices. Annals of Telecommunications. 2019 Feb 1;74:79-91. [by calculating weighted average of low and high data transmissions] 0.5*low datatransmisson duty cycle+0.5* high data transmission duty cycle
CV30: Video | CW30: YouTube 1080p | CX30: 10.69 | CY30: 81.39 | CZ30: 46.04
CP31: same as smartwatch | CV31: File transfer | CW31: File transfer | CX31: 46.18 | CY31: 87.41 | CZ31: 66.795 | DA31: =CZ31/100 -> 0.66795
DE32: Kheirkhahan M, Nair S, Davoudi A, Rashidi P, Wanigatunga AA, Corbett DB, Mendoza T, Manini TM, Ranka S. A smartwatch-based framework for real-time and online assessment and mobility monitoring. Journal of biomedical informatics. 2019 Jan 1;89:29-40.
CR33: 2.82 | CV33: totola volumn/ nominal Mb/sec (2) | CW33: 120 Mb per day, how many MB for less than a day | DC33: Bluetooth Radio - an overview | ScienceDirect Topics | DE33: 3.50 MB sensors data + 1.5 MB notifications + 10 MB other (including keep- alive bytes per day) = 15 MB/day 15 MB × 8 = 120 Mb/day 120 (Mb) / 2 (Mb/s nominal data transmission) = 60 seconds of data transmission per day 60 / 86400 = 0.000694 duty cycle ≈ 0.0007 this is active transmmision per day | DF33: Active transmission time per day = 60 s Idle time per day = 86400 − 60 = 86340 s Assume idle duty cycle DC_idle = 0.002 Idle transmitted time = 0.002 × 86340 = 172.68 s Total transmitted time per day = 60 + 172.68 = 232.68 s DC_total = 232.68 / 86400 DC_total = 0.00269 ≈ 0.0027 ≈ 0.27%
CR34: 2.7 | DE34: A Survey of IEEE 802.11ax WLAN Temporal Duty Cycle for the Assessment of RF Electromagnetic Exposure
DC35: rfernec for BT info | DE35: A Survey of IEEE 802.11ax WLAN Temporal Duty Cycle for the Assessment of RF Electromagnetic Exposure
CO37: high quality music 320 kbps=0.32 Mb/s; with assumption 2 Mb/s for BT, duty cycle is 16%. | DE37: Assume: 1 keep-alive event every 1 s T = 1 s On-air time per event: t_on = 1–3 ms = 0.001–0.003 s Duty cycle: DC_idle = t_on / T DC_idle = 0.001–0.003 / 1 DC_idle = 0.001–0.003 Idle duty cycle ≈ 0.1%–0.3% Recommended modelling value: DC_idle = 0.002 (0.2%)
CS40: =AVERAGE(0.8, 2.35,3.1,14.54)/100 -> 0.051975 | CT40: average of online game and twitch stream for poor and good connection over wifi 5 ghz | DE40: A Survey of IEEE 802.11ax WLAN Temporal Duty Cycle for the Assessment of RF Electromagnetic Exposure
CS41: avergae of voice call and youtuble 360p video stream for good and bad connection | DE41: Determination of the duty cycle of WLAN for realistic radio frequency
DE42: electromagnetic field exposure assessment
DE45: average of voice call (same category of gaming, low to medium) Determination of the duty cycle of WLAN for realistic radio frequency electromagnetic field exposure assessment
CQ46: 0.8
CQ47: 3.1

Sheet Total dose
E1: MobileCall | F1: MobileData | G1: Cordless | H1: Laptop | I1: Tablet | J1: FarField | K1: Wifi | L1: Other | M1: Total
D2: Brain_absolute | E2: =MobileCall!B5 -> 322.77372 | F2: =MobileData!B5 -> 146.94671 | G2: =Cordless!B5 -> 12.484726 | H2: =Laptop!B5 -> 0.70773816 | I2: =Tablet!B5 -> 7.8700348 | J2: =Farfield!B5 -> 162.57839 | K2: =Wifi!B5 -> 1.340219 | L2: =Other!B5 -> 74.92104 | M2: =SUM(E2:L2) -> 729.62257
D3: whole_body_absolute | E3: =MobileCall!C5 -> 66.647262 | F3: =MobileData!C5 -> 78.687031 | G3: =Cordless!C5 -> 3.5809795 | H3: =Laptop!C5 -> 101.3788 | I3: =Tablet!C5 -> 7.5665043 | J3: =Farfield!C5 -> 136.02053 | K3: =Wifi!C5 -> 5.4167703 | L3: =Other!C5 -> 88.521277 | M3: =SUM(E3:L3) -> 487.81916
D5: Brain_contribution | E5: =E2/M2 -> 0.4423845 | F5: =F2/M2 -> 0.20140099 | G5: =G2/M2 -> 0.017111212 | H5: =H2/M2 -> 0.00097000585 | I5: =I2/M2 -> 0.010786446 | J5: =J2/M2 -> 0.22282533 | K5: =K2/M2 -> 0.0018368661 | L5: =L2/M2 -> 0.10268465 | M5: =SUM(E5:L5) -> 1
D6: WB_contribution | E6: =E3/M3 -> 0.13662289 | F6: =F3/M3 -> 0.16130369 | G6: =G3/M3 -> 0.0073407931 | H6: =H3/M3 -> 0.20782045 | I6: =I3/M3 -> 0.01551088 | J6: =J3/M3 -> 0.27883393 | K6: =K3/M3 -> 0.011104054 | L6: =L3/M3 -> 0.18146331 | M6: =SUM(E6:L6) -> 1
AG8: Eftens 2023 | AT8: van Wel 2022 | BH8: Birks 2021
C10: Brain | D10: Near field dose | E10: =SUM(MobileCall!B5,MobileData!B5,Cordless!B5,Laptop!B5,Tablet!B5,Other!D5,Other!F5,Other!H5,Other!J5,Other!L5,Other!N5,Other!P5,Other!R5,Other!T5,Other!V5,Other!X5) -> 566.94517
D11: Far field dose | E11: =Farfield!B5 -> 162.57839
D12: wifi dose | E12: =SUM(Wifi!B5+Other!T5) -> 2.6498088
C13: Whole body | D13: smart home | E13: =Other!T5 -> 1.3095898
D14: sum of far and intermediate | E14: =SUM(E11:E13) -> 166.53779
D16: Near field dose | E16: =SUM(MobileCall!C5,MobileData!C5,Cordless!C5,Laptop!C5,Tablet!C5,Other!I5,Other!#REF!,Other!S5,Other!O5) -> #REF!
D17: Far field dose | E17: =Farfield!C5 -> 136.02053
D18: wifi dose | E18: =Wifi!C5 -> 5.4167703
D19: smart home | E19: =Other!P5 -> 0.49730846
D20: sum of far and intermediate

Sheet Comparing
E2: Updated with new SAR | M2: Updated with new SAR
D4: MobileCall | H4: brain dose | I4: wb dose | K4: MobileData | O4: brain dose | P4: wb dose | R4: Cordless | V4: brain dose | W4: wb dose | Y4: Laptop | AC4: brain dose | AD4: wb dose | AF4: Table | AJ4: brain dose | AK4: wb dose | AM4: Farfield | AQ4: brain dose | AR4: wb dose | AT4: Wifi | AX4: brain dose | AY4: wb dose | BA4: Other-watch | BE4: brain dose | BF4: wb dose | BH4: Other-tracker | BL4: brain dose | BM4: wb dose | BO4: Other-vr | BS4: brain dose | BT4: wb dose | BV4: Other-headphone | BZ4: brain dose | CA4: wb dose | CC4: Other-smarthome | CG4: brain dose | CH4: wb dose | CJ4: total
D5: Duration | E5: Brain SAR | F5: WB SAR | G5: exposure_OP | K5: Duration | L5: Brain SAR | M5: WB SAR | N5: exposure_OP | R5: Duration | S5: Brain SAR | T5: WB SAR | U5: exposure_OP | Y5: Duration | Z5: Brain SAR | AA5: WB SAR | AB5: exposure_OP | AF5: Duration | AG5: Brain SAR | AH5: WB SAR | AI5: exposure_OP | AM5: Duration | AN5: Brain SAR | AO5: WB SAR | AP5: exposure_OP | AT5: Duration | AU5: Brain SAR | AV5: WB SAR | AW5: exposure_OP | BA5: Duration | BB5: Brain SAR | BC5: WB SAR | BD5: exposure_OP | BH5: Duration | BI5: Brain SAR | BJ5: WB SAR | BK5: exposure_OP | BO5: Duration | BP5: Brain SAR | BQ5: WB SAR | BR5: exposure_OP | BV5: Duration | BW5: Brain SAR | BX5: WB SAR | BY5: exposure_OP | CC5: Duration | CD5: Brain SAR | CE5: WB SAR | CF5: exposure_OP | CJ5: Brain | CK5: WB | CL5: BrainNF | CM5: WBNF | CN5: BrainFF | CO5: WBFF
C6: simple dose calculator | D6: =MobileCall!J5 -> 1533.3532 | E6: =MobileCall!#REF! -> #REF! | F6: =MobileCall!#REF! -> #REF! | G6: =MobileCall!#REF! -> #REF! | H6: =D6*E6*G6 -> #REF! | I6: =D6*F6*G6 -> #REF! | K6: =MobileData!D5 -> 14557.005 | L6: =MobileData!#REF! -> #REF! | M6: =MobileData!#REF! -> #REF! | N6: =MobileData!#REF! -> #REF! | O6: =K6*L6*N6 -> #REF! | P6: =K6*M6*N6 -> #REF! | R6: =Cordless!D5 -> 68.825784 | S6: =Cordless!G5 -> 0.018139607 | T6: =Cordless!H5 -> 0.0052029622 | U6: =Cordless!I5 -> 10 | V6: =R6*S6*U6 -> 12.484726 | W6: =R6*T6*U6 -> 3.5809795 | Y6: =Laptop!D5 -> 3952.3925 | Z6: =Laptop!#REF! -> #REF! | AA6: =Laptop!#REF! -> #REF! | AB6: =Laptop!#REF! -> #REF! | AC6: =Y6*Z6*AB6 -> #REF! | AD6: =Y6*AA6*AB6 -> #REF! | AF6: =Tablet!D5 -> 1382.867 | AG6: =Tablet!#REF! -> #REF! | AH6: =Tablet!#REF! -> #REF! | AI6: =Tablet!E5 -> 0.0056911004 | AJ6: =AF6*AG6*AI6 -> #REF! | AK6: =AF6*AG6*AI6 -> #REF! | AM6: =Farfield!D5 -> 86400 | AN6: =Farfield!G5 -> 0.0054913152 | AO6: =Farfield!H5 -> 0.004594286 | AP6: =Farfield!I5 -> 0.34266733 | AQ6: =AM6*AN6*AP6 -> 162.57839 | AR6: =AM6*AO6*AP6 -> 136.02053 | AT6: =Wifi!D5 -> 79200 | AU6: =Wifi!#REF! -> #REF! | AV6: =Wifi!#REF! -> #REF! | AW6: =Wifi!#REF! -> #REF! | AX6: =AT6*AU6*AW6 -> #REF! | AY6: =AT6*AV6*AW6 -> #REF! | BA6: =Other!AA5 -> 0 | BB6: =Other!BK5 -> 2.3593158e-05 | BC6: =Other!BL5 -> 0.010633773 | BD6: =Other!CA5 -> 1 | BE6: =BA6*BB6*BD6 -> 0 | BF6: =BA6*BC6*BD6 -> 0 | BH6: =Other!#REF! -> #REF! | BI6: =Other!#REF! -> #REF! | BJ6: =Other!#REF! -> #REF! | BK6: =Other!#REF! -> #REF! | BL6: =BH6*BI6*BK6 -> #REF! | BM6: =BH6*BJ6*BK6 -> #REF! | BO6: =Other!AB5 -> 600 | BP6: =Other!BY5 -> 0.0010403714 | BQ6: =Other!BZ5 -> 0.0065385221 | BR6: =Other!CD5 -> 10.735 | BS6: =BO6*BP6*BR6 -> 6.7010319 | BT6: =BO6*BQ6*BR6 -> 42.114621 | BV6: =Other!AC5 -> 8411.143 | BW6: =Other!BM5 -> 0.02004928 | BX6: =Other!BN5 -> 0.014057892 | BY6: =Other!CG5 -> 0.16 | BZ6: =BV6*BW6*BY6 -> 26.981978 | CA6: =BV6*BX6*BY6 -> 18.918871 | CC6: =Other!AD5 -> 59349.949 | CD6: =Other!BO5 -> 0.00133 | CE6: =Other!BP5 -> 0.005295 | CF6: =Other!CN5 -> 1.64109 | CG6: =CC6*CD6*CF6 -> 129.54015 | CH6: =CC6*CE6*CF6 -> 515.72563 | CJ6: =SUM(H6,O6,V6,AC6,AJ6,AQ6,AX6,BE6,BL6,BS6,BZ6,CG6) -> #REF! | CK6: =SUM(I6,P6,W6,AD6,AK6,AR6,AY6,BF6,BM6,BT6,CA6,CH6) -> #REF! | CL6: =SUM(H6,O6,V6,AC6,AJ6,BE6,BL6,BS6,BZ6) -> #REF! | CM6: =SUM(I6,P6,W6,AD6,AK6,BF6,BM6,BT6,CA6) -> #REF! | CN6: =SUM(AX6,CG6,AQ6) -> #REF! | CO6: =SUM(AY6,CH6,AR6) -> #REF!
C7: van Wel | D7: =9.3*60 -> 558 | H7: =656+10.7 -> 666.7 | I7: 49.8 | K7: =47*60 -> 2820 | N7: =AVERAGE(3.1,6.7,81.4,6.7,87.4,5.4,3.1,1.6,5.4,3.1,1.6) -> 18.681818 | O7: 23.9 | P7: 46.5 | R7: =6.4*60 -> 384 | V7: 11.9 | W7: 0.9 | Y7: =126.5*60 -> 7590 | AB7: 1 | AC7: 2.2 | AD7: 20.5 | AF7: =29.6*60 -> 1776 | AI7: =AVERAGE(6.7,81.4,6.7,87.4,5.4,3.1,1.6,5.4,3.1,1.6) -> 20.24 | AJ7: 13.3 | AK7: 42.6 | AM7: 86400 | AP7: 0.15 | AQ7: 77.3 | AR7: 124 | AT7: 3600 | AX7: 13.6 | AY7: 28.3 | BA7: =22*60 -> 1320 | BD7: 0.05 | BE7: 0 | BF7: 0.5 | BO7: =0.2*60 -> 12 | BR7: 14.5 | BS7: 1.2 | BT7: 0 | BV7: NA | BW7: NA | BX7: NA | BY7: NA | BZ7: NA | CA7: NA | CC7: NA | CD7: NA | CE7: NA | CF7: NA | CG7: NA | CH7: NA | CJ7: 810 | CK7: 290.4 | CL7: 719.6 | CM7: 199 | CN7: =13.6+77.3 -> 90.9 | CO7: =28.3+62.8 -> 91.1
C8: SCAMP
AA40: time weighted average for internet activities output power
Y42: gaming | Z42: video call | AA42: upload | AB42: download | AC42: voice message | AD42: text | AE42: social media | AF42: total
X43: duration (min) | Y43: 40 | Z43: 5 | AA43: 10 | AB43: 5 | AC43: 2 | AD43: 65 | AE43: 73 | AF43: =SUM(Y43:AE43) -> 200
X44: % | Y44: =Y43/AF43 -> 0.2 | Z44: =Z43/AF43 -> 0.025 | AA44: =AA43/AF43 -> 0.05 | AB44: =AB43/AF43 -> 0.025 | AC44: =AC43/AF43 -> 0.01 | AD44: =AD43/AF43 -> 0.325 | AE44: =AE43/AF43 -> 0.365 | AF44: =SUM(Y44:AE44) -> 1
X45: output power | Y45: 10 | Z45: 6 | AA45: 70 | AB45: 65 | AC45: 5 | AD45: 2 | AE45: 15 | AF45: =(Y44*Y45)+(Z44*Z45)+(AA44*AA45)+(AB44*AB45)+(AC44*AC45)+(AD44*AD45)+(AE44*AE45) -> 13.45

Sheet Sheet2
A1: Scenario | C1: Usage* (min) | D1: Reference | E1: Brain dose | G1: WB dose (mJ/kg/day)
E2: (mJ/kg/day) | F2: Proportion (%) | G2: (mJ/kg/day) | H2: Proportion (%)
A4: Mobile call
A5: simple dose calculator | C5: 7.07 | D5: (Eeftens et al., 2023, Birks et al., 2021, Foerster et al., 2018) | E5: 65.31 | F5: 17 | G5: 16.38 | H5: 4
A6: van Wel (2021) | C6: 11 | D6: (van Wel et al., 2021) | E6: 667.7 | F6: 51 | G6: 49.8 | H6: 20.4
A7: SCAMP (2023) | C7: 6 | D7: (Eeftens et al., 2023) | E7: 293.75 | F7: 58.1 | G7: 61.64 | H7: 17.57 | N7: b | O7: w
L8: Mobile data | M8: simple dose calculator | N8: 17 | O8: 4
A9: Mobile data | M9: van Wel (2021) | N9: 51 | O9: 20.4
A10: simple dose calculator | C10: 77.15 | D10: (Statista, 2022, van Wel et al., 2021, Birks et al., 2021, Foerster et al., 2018) | E10: 119.8 | F10: 31 | G10: 116.66 | H10: 29 | M10: SCAMP (2023) | N10: 58.1 | O10: 17.57
A11: van Wel (2021) | C11: 47 | D11: (van Wel et al., 2021) | E11: 23.9 | F11: 4.8 | G11: 46.5 | H11: 9.3
A12: SCAMP (2023) | C12: 24.6 | D12: (Eeftens et al., 2023) | E12: 9.62 | F12: 4.2 | G12: 38.12 | H12: 18.58
N13: SDC | O13: van Wel | P13: SCAMP
A14: Cordless phone | M14: Brain | N14: 17 | O14: 51 | P14: 58.1
A15: simple dose calculator | C15: 4.33 | D15: (van Wel et al., 2021, Birks et al., 2021) | E15: 69.99 | F15: 18 | G15: 14.38 | H15: 4 | M15: Whole body | N15: 4 | O15: 20.4 | P15: 17.57
A16: van Wel (2021) | C16: 6.4 | D16: (van Wel et al., 2021) | E16: 11.9 | F16: 3.8 | G16: 0.9 | H16: 0.5
A17: SCAMP (2023) | C17: 0.9 | D17: (Eeftens et al., 2023) | E17: 13.2 | F17: 8.67 | G17: 1.37 | H17: 1.29
M18: Usage | N18: Simple dose calculator | O18: Adults | P18: Adolescents
A19: Laptop | M19: Mobile call | N19: 7.07 | O19: 11 | P19: 6
A20: simple dose calculator | C20: 72.85 | D20: (van Wel et al., 2021, Birks et al., 2021) | E20: 2.89 | F20: 1 | G20: 88.41 | H20: 22 | M20: Mobile data | N20: 77.15 | O20: 47 | P20: 24.6
A21: van Wel (2021) | C21: 126.5 | D21: (van Wel et al., 2021) | E21: 2.2 | F21: 0.8 | G21: 20.5 | H21: 8.4 | M21: cordless phone | N21: 4.33 | O21: 6.4 | P21: 0.9
A22: SCAMP (2023) | C22: 20.5 | D22: (Eeftens et al., 2023) | E22: 4.26 | F22: 3.96 | G22: 15.9 | H22: 11.6 | M22: Laptop | N22: 72.85 | O22: 126.5 | P22: 20.5
M23: Tablet | N23: 26.95 | O23: 29.43 | P23: 23.8
A24: Tablet | M24: Far field
A25: simple dose calculator | C25: 26.95 | D25: (van Wel et al., 2021, Birks et al., 2021) | E25: 16.35 | F25: 4 | G25: 14.71 | H25: 4 | M25: Wi-Fi
A26: van Wel (2021) | C26: 29.43 | D26: (van Wel et al., 2021) | E26: 13.3 | F26: 2.9 | G26: 42.6 | H26: 7.9 | M26: Other
A27: SCAMP (2023) | C27: 23.8 | D27: (Eeftens et al., 2023) | E27: 5.47 | F27: 4.87 | G27: 25.2 | H27: 16.6
A29: Far field
A30: simple dose calculator | C30: 0.29 (V/m) | D30: (De Giudici et al., 2021, Jalilian et al., 2019) | E30: 85.3 | F30: 20 | G30: 82.66 | H30: 22
A31: van Wel (2021) | C31: 0.24 (V/m) | D31: (van Wel et al., 2021) | E31: 77.3 | F31: 29.9 | G31: 124 | H31: 35.1
A32: SCAMP (2023) | C32: - | D32: (Eeftens et al., 2023) | E32: 6.06 | F32: 9.77 | G32: 8.05 | H32: 11.8
A34: Wi-Fi
A35: simple dose calculator | C35: 0.03 (V/m) | D35: (Jalilian et al., 2019) | E35: 6e-07 | F35: 0 | G35: 0.002 | H35: 0
A36: van Wel (2021) | C36: - | D36: (van Wel et al., 2021) | E36: 13.6 | F36: 6.5 | G36: 28.3 | H36: 17.9
A37: SCAMP (2023)** | C37: - | D37: (Eeftens et al., 2023) | E37: 24.06 | F37: 12.7 | G37: 51.2 | H37: 22.6
A39: Other
A40: simple dose calculator | C40: - | D40: - | E40: 21.16 | F40: 6 | G40: 75.45 | H40: 18
A41: van Wel (2021)*** | C41: - | D41: (van Wel et al., 2021) | E41: 1.2 | F41: 0.2 | G41: 0.5 | H41: 0.3
A42: SCAMP (2023) | C42: - | D42: (Eeftens et al., 2023) | E42: - | F42: - | G42: - | H42: -
A44: Total dose
A45: simple dose calculator | E45: 380.84 | F45: 100 | G45: 408.68 | H45: 100
A46: van Wel (2021) | D46: (van Wel et al., 2021) | E46: 810 | F46: 100 | G46: 290.4 | H46: 100
A47: SCAMP (2023) | D47: (Eeftens et al., 2023) | E47: 348 | F47: - | G47: 171.17 | H47: -
A48: Near field dose
A49: simple dose calculator | E49: 295.53 | G49: 326.01
A50: van Wel (2021) | D50: (van Wel et al., 2021) | E50: 719.6 | G50: 199
A51: SCAMP (2023) | D51: (Eeftens et al., 2023) | E51: 317.88 | G51: 139.75
A52: Far and intermediate fields dose
A53: simple dose calculator | E53: 85.31 | G53: 82.67
A54: van Wel (2021) | D54: (van Wel et al., 2021) | E54: 90.9 | G54: 91.1
A55: SCAMP (2023) | D55: (Eeftens et al., 2023) | E55: 30.12 | G55: 59.25
A62: Other (details) | B62: Smart watch | C62: 1440 | D62: Expert opinion | E62: 0.0073 | F62: - | G62: 58.98 | H62: -
B63: Fitness tracker | C63: 120 | D63: Expert opinion | E63: 0.011 | F63: - | G63: 4.25 | H63: -
B64: VR | C64: 0 | D64: Expert opinion | E64: 0 | F64: - | G64: 0 | H64: -
B65: Headphone (airbuds) | C65: 138 | D65: (Widen et al., 2017, Ramage-Morin et al., 2019) | E65: 21.14 | F65: - | G65: 12.23 | H65: -
B66: Smart home** | C66: 990 | D66: (McKenzie et al., 2023) | E66: 3e-07 | F66: - | G66: 0.0009 | H66: -

Sheet SAR
E1: 1800
A2: Number | B2: Simple Dose Model Scenario | C2: Description of Target Sub-Scenario | D2: Corresponding Simulations | E2: Whole-body averaged SAR for 1 W input power (mW/kg) | F2: Whole-brain averaged SAR for 1 W input power (mW/kg) | K2: WB | L2: Brain
B3: Near-Field Scenarios | K3: W/kg/W | L3: W/kg/W
A4: 1 | B4: Phone call (native + internet call) | C4: Emulating a phone call at the ear, connected to the network | D4: 1.8 GHz dipole antenna placed 45° tilted at 1 cm from the right ear of Duke | E4: 6.2 | F4: 35.5 | K4: =AVERAGE(E4:E5)/1000 -> 0.007 | L4: =AVERAGE(F4:F5)/1000 -> 0.0349
D5: 1.8 GHz dipole antenna placed 45° tilted at 1 cm from the right ear of Ella | E5: 7.8 | F5: 34.3
C6: Emulating a phone in front of the mouth, connected to the network | D6: 1.8 GHz dipole antenna placed vertically at 10 cm in front of Duke’s mouth | E6: 1.8 | F6: 1.7 | K6: =AVERAGE(E6:E7)/1000 -> 0.0021 | L6: =AVERAGE(F6:F7)/1000 -> 0.0026
D7: 1.8 GHz dipole antenna placed vertically at 10 cm in front of Ella’s mouth | E7: 2.4 | F7: 3.5
C8: Emulating a phone in the pocket, connected to the network | D8: 1.8 GHz dipole antenna placed vertically on Duke’s right hip (1 cm separation) | E8: 10.2 | F8: 0.0014 | K8: =AVERAGE(E8:E9)/1000 -> 0.01235 | L8: =AVERAGE(F8:F9)/1000 -> 2e-06
D9: 1.8 GHz dipole antenna placed vertically on Ella’s right hip (1 cm separation) | E9: 14.5 | F9: 0.0026
C10: Emulating a phone call at the ear, connected to the network | D10: 2.45 GHz dipole antenna placed 45° tilted at 1 cm from the right ear of Duke | E10: 4.6 | F10: 17.5 | K10: =AVERAGE(E10:E11)/1000 -> 0.00515 | L10: =AVERAGE(F10:F11)/1000 -> 0.0164
D11: 2.45 GHz dipole antenna placed 45° tilted at 1 cm from the right ear of Ella | E11: 5.7 | F11: 15.3
C12: Emulating a phone in front of the mouth, connected to a Bluetooth device or to the WiFi Network | D12: 2.45 GHz dipole antenna placed vertically at 10 cm in front of Duke’s mouth | E12: 1.5 | F12: 0.9 | K12: =AVERAGE(E12:E13)/1000 -> 0.00175 | L12: =AVERAGE(F12:F13)/1000 -> 0.00125
D13: 2.45 GHz dipole antenna placed vertically at 10 cm in front of Ella’s mouth | E13: 2 | F13: 1.6
C14: Emulating a phone in the pocket, connected to a Bluetooth device or to the WiFi Network | D14: 2.45 GHz dipole antenna placed vertically on Duke’s right hip (1 cm separation) | E14: 9.4 | F14: 0.0005 | K14: =AVERAGE(E14:E15)/1000 -> 0.01015 | L14: =AVERAGE(F14:F15)/1000 -> 4.5e-07
D15: 2.45 GHz dipole antenna placed vertically on Ella’s right hip (1 cm separation) | E15: 10.9 | F15: 0.0004
C16: Emulating Bluetooth earbuds | D16: 2.45 GHz dipole antenna placed vertically next to Duke’s right ear (1 mm separation) | E16: 8.6 | F16: 19.8 | K16: =AVERAGE(E16:E19)/1000 -> 0.00985 | L16: =AVERAGE(F16:F19)/1000 -> 0.017025
D17: 2.45 GHz dipole antenna placed vertically next to Duke’s left ear (1 mm separation) | E17: 9.2 | F17: 15.4
D18: 2.45 GHz dipole antenna placed vertically next to Ella’s right ear (1 mm separation) | E18: 11.6 | F18: 13.8
D19: 2.45 GHz dipole antenna placed vertically next to Ella’s left ear (1 mm separation) | E19: 10 | F19: 19.1
A20: 38048 | B20: Phone data activity (internet activities) | C20: Emulating a phone in front of the face connected to the network | D20: 1.8 GHz dipole antenna placed vertically at 30 cm in front of Duke’s mouth | E20: 0.8 | F20: 1.2 | K20: =AVERAGE(E20:E21)/1000 -> 0.00095 | L20: =AVERAGE(F20:F21)/1000 -> 0.0019
D21: 1.8 GHz dipole antenna placed vertically at 30 cm in front of Ella’s mouth | E21: 1.1 | F21: 2.6
C22: Emulating a phone in front of the face connected to WiFi | D22: 2.45 GHz dipole antenna placed vertically at 30 cm in front of Duke’s mouth | E22: 0.8 | F22: 0.8 | K22: =AVERAGE(E22:E23)/1000 -> 0.0009 | L22: =AVERAGE(F22:F23)/1000 -> 0.001
D23: 2.45 GHz dipole antenna placed vertically at 30 cm in front of Ella’s mouth | E23: 1 | F23: 1.2
C24: Emulating Bluetooth earbuds | D24: 2.45 GHz dipole antenna placed vertically next to Duke’s right ear (1 mm separation) | E24: 8.6 | F24: 19.8 | K24: =AVERAGE(E24:E27)/1000 -> 0.00985 | L24: =AVERAGE(F24:F27)/1000 -> 0.017025
D25: 2.45 GHz dipole antenna placed vertically next to Duke’s left ear (1 mm separation) | E25: 9.2 | F25: 15.4
D26: 2.45 GHz dipole antenna placed vertically next to Ella’s right ear (1 mm separation) | E26: 11.6 | F26: 13.8
D27: 2.45 GHz dipole antenna placed vertically next to Ella’s left ear (1 mm separation) | E27: 10 | F27: 19.1
A28: 5 | B28: Cordless phone | C28: Emulating a phone call at the ear | D28: 1.8 GHz dipole antenna placed 45° tilted at 1 cm from the right ear of Duke | E28: 6.2 | F28: 35.5 | K28: =AVERAGE(E28:E29)/1000 -> 0.007 | L28: =AVERAGE(F28:F29)/1000 -> 0.0349
D29: 1.8 GHz dipole antenna placed 45° tilted at 1 cm from the right ear of Ella | E29: 7.8 | F29: 34.3
C30: Emulating a phone call in speaker mode | D30: 1.8 GHz dipole antenna placed vertically at 10 cm in front of Duke’s mouth | E30: 1.8 | F30: 1.7 | K30: =AVERAGE(E30:E31)/1000 -> 0.0021 | L30: =AVERAGE(F30:F31)/1000 -> 0.0026
D31: 1.8 GHz dipole antenna placed vertically at 10 cm in front of Ella’s mouth | E31: 2.4 | F31: 3.5
A32: 6 | B32: Laptop | C32: Emulating a laptop on a person’s lap | D32: 2.45 GHz dipole antenna placed vertically on Duke’s legs, Duke in sitting position | E32: 4.8 | F32: 0.025 | K32: =AVERAGE(E32:E33)/1000 -> 0.005 | L32: =AVERAGE(F32:F33)/1000 -> 5.2e-05
D33: 2.45 GHz dipole antenna placed vertically on Ella’s legs, Ella in sitting position | E33: 5.2 | F33: 0.079
C34: Emulating a laptop on a Table | D34: 2.45 GHz dipole antenna placed vertically 10 cm higher and 30 cm further from the body than the position described above for Duke | E34: 1.2 | F34: 0.047 | K34: =AVERAGE(E34:E35)/1000 -> 0.00125 | L34: =AVERAGE(F34:F35)/1000 -> 6.9e-05
D35: 2.45 GHz dipole antenna placed vertically 10 cm higher and 30 cm further from the body than the position described above for Ella | E35: 1.3 | F35: 0.091
A36: 7 | B36: Other source close to body | C36: Emulating a Bluetooth device on a person’s wrist | D36: 2.45 GHz dipole antenna placed horizontally on Duke’s right wrist (1 mm separation) | E36: 12.4 | F36: 0.0008 | K36: =AVERAGE(E36:E37)/1000 -> 0.01365 | L36: =AVERAGE(F36:F37)/1000 -> 1.7e-06
D37: 2.45 GHz dipole antenna placed horizontally on Ella’s right wrist (1 mm separation) | E37: 14.9 | F37: 0.0026
C38: Emulating a Bluetooth device near the head | D38: 2.45 GHz dipole antenna placed vertically next to Duke’s right ear (1 mm separation) | E38: 8.6 | F38: 19.8 | K38: =AVERAGE(E38:E39)/1000 -> 0.0101 | L38: =AVERAGE(F38:F39)/1000 -> 0.0168
D39: 2.45 GHz dipole antenna placed vertically next to Ella’s right ear (1 mm separation) | E39: 11.6 | F39: 13.8
C40: Emulating a Bluetooth device on a person’s upper arm | D40: 2.45 GHz dipole antenna placed horizontally on Duke’s upper right arm in between shoulder and elbow (1 mm separation) | E40: 8.8 | F40: 0.025 | K40: =AVERAGE(E40:E41)/1000 -> 0.0118 | L40: =AVERAGE(F40:F41)/1000 -> 3.1e-05
D41: 2.45 GHz dipole antenna placed horizontally on Ella’s upper right arm in between shoulder and elbow (1 mm separation) | E41: 14.8 | F41: 0.037
B42: Other Scenarios | E42: Whole-body averaged SAR for an incident field strength of 1 W/m² (mW/kg/W/m²) | F42: Whole-brain averaged SAR for an incident field strength of 1 W/m² (mW/kg/W/m²) | K42: mW/kg/mW/m2 | L42: mW/kg/mW/m3
A43: 8 | B43: Far field | C43: Emulating far-field exposure at 1.8 GHz | D43: 12 plane wave simulations of fields incident from Duke’s main axes | E43: 4.13 | F43: 3.68 | K43: =AVERAGE(E43:E44)/1000 -> 0.004375 | L43: =AVERAGE(F43:F44)/1000 -> 0.00452
D44: 12 plane wave simulations of fields incident from Ella’s main axes | E44: 4.62 | F44: 5.36
A45: 9 | B45: Far field | C45: Emulating far-field exposure at 2.45 GHz | D45: 12 plane wave simulations of fields incident from Duke’s main axes | E45: 3.65 | F45: 2.14 | K45: =AVERAGE(E45:E46)/1000 -> 0.00371 | L45: =AVERAGE(F45:F46)/1000 -> 0.00252
B46: WiFi | D46: 12 plane wave simulations of fields incident from Ella’s main axes | E46: 3.77 | F46: 2.9
A47: 10 | B47: Intermediate field | C47: Emulating an indoor WiFi router | D47: 2.45 GHz dipole placed in front of Duke in the intermediate field | E47: 5.1 | F47: 0.69 | K47: =AVERAGE(E47:E48)/1000 -> 0.005295 | L47: =AVERAGE(F47:F48)/1000 -> 0.00133
D48: 2.45 GHz dipole placed in front of Ella in the intermediate field | E48: 5.49 | F48: 1.97
A49: This was a interesting comment from Hanne. In the report, Tablet is now seen as something that is similar to a phone that is using data. However, it might be smarter to mirror it to laptop usage, so then Tablet would move here.

Sheet SAR_brain
A1: scenario | B1: SAR_Duke_(male)_mW/kg/W | K1: SAR_Ella_(female)_mW/kg/W | U1: SAR_gender_weighted_W/kg/W | AE1: frq_contribution | AO1: SAR_weihted_W/kh/W
B2: 700 | C2: 800 | D2: 900 | E2: 1800 | F2: 2100 | G2: 2600 | H2: 3500 | I2: 2450 | J2: 5000 | K2: 700 | L2: 800 | M2: 900 | N2: 1800 | O2: 2100 | P2: 2600 | Q2: 3500 | R2: 2450 | S2: 5000 | U2: 700 | V2: 800 | W2: 900 | X2: 1800 | Y2: 2100 | Z2: =AVERAGE(G2,P2) -> 2600 | AA2: =AVERAGE(H2,Q2) -> 3500 | AB2: 2450 | AC2: 5000 | AE2: 700 | AF2: 800 | AG2: 900 | AH2: 1800 | AI2: 2600 | AJ2: 3500 | AK2: 2600 | AL2: 2450 | AM2: 5000 | AO2: mobile | AP2: wifi2 | AQ2: wifi5
A3: at ear_MP | B3: 125.57 | C3: 115.46 | D3: 106.16 | E3: 35.504 | F3: 24.955 | G3: 14.832 | H3: 3.5038 | I3: 17.504 | J3: 0.5106227 | K3: 132.08 | L3: 119.83 | M3: 109.53 | N3: 34.348 | O3: 23.471444 | P3: 12.90309 | Q3: 4.2173189 | R3: 15.25117 | S3: 0.70283086 | U3: =AVERAGE(B3,K3)/1000 -> 0.128825 | V3: =AVERAGE(C3,L3)/1000 -> 0.117645 | W3: =AVERAGE(D3,M3)/1000 -> 0.107845 | X3: =AVERAGE(E3,N3)/1000 -> 0.034926 | Y3: =AVERAGE(F3,O3)/1000 -> 0.024213222 | Z3: =AVERAGE(G3,P3)/1000 -> 0.013867545 | AA3: =AVERAGE(H3,Q3)/1000 -> 0.0038605594 | AB3: =AVERAGE(I3,R3)/1000 -> 0.016377585 | AC3: =AVERAGE(J3,S3)/1000 -> 0.00060672678 | AE3: 0.14285714 | AF3: 0.14285714 | AG3: 0.14285714 | AH3: 0.14285714 | AI3: 0.14285714 | AJ3: 0.14285714 | AK3: 0.14285714 | AL3: 0.5 | AM3: 0.5 | AO3: =U3*AE3+V3*AF3+W3*AG3+X3*AH3+Y3*AI3+Z3*AJ3+AA3*AK3 -> 0.061597475 | AP3: 0.016377585 | AQ3: 0.00060672678
A4: speaker mode | B4: 9.0284508 | C4: 8.9584779 | D4: 7.963869 | E4: 1.7357738 | F4: 1.2191585 | G4: 0.87618917 | H4: 0.54772983 | I4: 0.9476253 | J4: 0.1034858 | K4: 10.203917 | L4: 11.527996 | M4: 11.947704 | N4: 3.4719798 | O4: 2.6169512 | P4: 1.4517365 | Q4: 0.80251656 | R4: 1.5968306 | S4: 0.23645939 | U4: =AVERAGE(B4,K4)/1000 -> 0.0096161839 | V4: =AVERAGE(C4,L4)/1000 -> 0.010243237 | W4: =AVERAGE(D4,M4)/1000 -> 0.0099557867 | X4: =AVERAGE(E4,N4)/1000 -> 0.0026038768 | Y4: =AVERAGE(F4,O4)/1000 -> 0.0019180549 | Z4: =AVERAGE(G4,P4)/1000 -> 0.0011639628 | AA4: =AVERAGE(H4,Q4)/1000 -> 0.00067512319 | AB4: =AVERAGE(I4,R4)/1000 -> 0.001272228 | AC4: =AVERAGE(J4,S4)/1000 -> 0.00016997259 | AE4: 0.14285714 | AF4: 0.14285714 | AG4: 0.14285714 | AH4: 0.14285714 | AI4: 0.14285714 | AJ4: 0.14285714 | AK4: 0.14285714 | AL4: 0.5 | AM4: 0.5 | AO4: =U4*AE4+V4*AF4+W4*AG4+X4*AH4+Y4*AI4+Z4*AJ4+AA4*AK4 -> 0.0051680322 | AP4: 0.001272228 | AQ4: 0.00016997259
A5: pocket mode | B5: 0.03654775 | C5: 0.023103992 | D5: 0.014282838 | E5: 0.0013583529 | F5: 0.0014117299 | G5: 0.00058455289 | H5: 0.00019253547 | I5: 0.00052824626 | J5: 1.4228954e-05 | K5: 0.030120461 | L5: 0.025497326 | M5: 0.018241745 | N5: 0.0025755413 | O5: 0.0013496177 | P5: 0.00024159704 | Q5: 0.00014102065 | R5: 0.00042197333 | S5: 2.8576462e-05 | U5: =AVERAGE(B5,K5)/1000 -> 3.3334105e-05 | V5: =AVERAGE(C5,L5)/1000 -> 2.4300659e-05 | W5: =AVERAGE(D5,M5)/1000 -> 1.6262291e-05 | X5: =AVERAGE(E5,N5)/1000 -> 1.9669471e-06 | Y5: =AVERAGE(F5,O5)/1000 -> 1.3806738e-06 | Z5: =AVERAGE(G5,P5)/1000 -> 4.1307496e-07 | AA5: =AVERAGE(H5,Q5)/1000 -> 1.6677806e-07 | AB5: =AVERAGE(I5,R5)/1000 -> 4.7510979e-07 | AC5: =AVERAGE(J5,S5)/1000 -> 2.1402708e-08 | AE5: 0.14285714 | AF5: 0.14285714 | AG5: 0.14285714 | AH5: 0.14285714 | AI5: 0.14285714 | AJ5: 0.14285714 | AK5: 0.14285714 | AL5: 0.5 | AM5: 0.5 | AO5: =U5*AE5+V5*AF5+W5*AG5+X5*AH5+Y5*AI5+Z5*AJ5+AA5*AK5 -> 1.111779e-05 | AP5: 4.7510979e-07 | AQ5: 2.1402708e-05
A6: at right ear_BT | I6: 19.770545 | R6: 13.778114 | AB6: =AVERAGE(I6:I7,R6:R7)/1000 -> 0.016990171 | AL6: 1 | AP6: =16.9901710238369/1000 -> 0.016990171
A7: at left ear_BT | I7: 15.361312 | R7: 19.050713 | AL7: 1
A8: front of face | B8: 4.5689576 | C8: 5.0215571 | D8: 4.886211 | E8: 1.2386187 | F8: 0.93209301 | G8: 0.71866355 | H8: 0.38020929 | I8: 0.82284467 | J8: 0.093195268 | K8: 5.1301847 | L8: 6.1852996 | M8: 6.7987716 | N8: 2.5790355 | O8: 1.9007094 | P8: 1.1331214 | Q8: 0.63068286 | R8: 1.1760918 | S8: 0.23298722 | U8: =AVERAGE(B8,K8)/1000 -> 0.0048495711 | V8: =AVERAGE(C8,L8)/1000 -> 0.0056034284 | W8: =AVERAGE(D8,M8)/1000 -> 0.0058424913 | X8: =AVERAGE(E8,N8)/1000 -> 0.0019088271 | Y8: =AVERAGE(F8,O8)/1000 -> 0.0014164012 | Z8: =AVERAGE(G8,P8)/1000 -> 0.00092589249 | AA8: =AVERAGE(H8,Q8)/1000 -> 0.00050544608 | AB8: =AVERAGE(I8,R8)/1000 -> 0.00099946823 | AC8: =AVERAGE(J8,S8)/1000 -> 0.00016309124 | AE8: 0.14285714 | AF8: 0.14285714 | AG8: 0.14285714 | AH8: 0.14285714 | AI8: 0.14285714 | AJ8: 0.14285714 | AK8: 0.14285714 | AL8: 0.5 | AM8: 0.5 | AO8: =U8*AE8+V8*AF8+W8*AG8+X8*AH8+Y8*AI8+Z8*AJ8+AA8*AK8 -> 0.0030074368 | AP8: 0.00099946823 | AQ8: 0.00016309124
A9: lap | I9: 0.02479428 | J9: 0.0027410973 | R9: 0.078994022 | S9: 0.010748996 | AB9: =AVERAGE(I9,R9)/1000 -> 5.1894151e-05 | AC9: =AVERAGE(J9,S9)/1000 -> 6.7450468e-06 | AL9: 0.5 | AM9: 0.5 | AP9: 5.1894151e-05 | AQ9: 6.7450468e-06
A10: table | I10: 0.047300871 | J10: 0.0045824156 | R10: 0.090539326 | S10: 0.014408012 | AB10: =AVERAGE(I10,R10)/1000 -> 6.8920098e-05 | AC10: =AVERAGE(J10,S10)/1000 -> 9.4952139e-06 | AL10: 0.5 | AM10: 0.5 | AP10: 6.8920098e-05 | AQ10: 9.4952139e-06
A11: wrist | I11: 0.00080529921 | R11: 0.0026432152 | AB11: =AVERAGE(I11,R11)/1000 -> 1.7242572e-06 | AL11: 1 | AP11: 1.7242572e-06
A12: upper arm | I12: 0.024798978 | R12: 0.037330555 | AB12: =AVERAGE(I12,R12)/1000 -> 3.1064766e-05 | AL12: 1 | AP12: 3.1064766e-05
Y33: dipole antenna placed 45° tilted at 1 cm from the right ear
Y35: dipole antenna placed vertically at 10 cm in front of the mouth
Y36: dipole antenna placed vertically on the right hip (1 cm separation)
Y37: dipole antenna placed vertically next to the right ear (1 mm separation)
Y38: dipole antenna placed vertically next to the left ear (1 mm separation)
Y39: dipole antenna placed vertically at 30 cm in front of the mouth
Y40: dipole antenna placed vertically on the legs, phantom sitting position
Y41: dipole antenna placed vertically 10 cm higher and 30 cm further from the body than the position described above
Y42: dipole antenna placed horizontally on right wrist (1 mm separation)
Y43: dipole antenna placed horizontally on upper right arm in between shoulder and elbow (1 mm separation)
